hot_vid,pubdate_time,udb,yyuid,channel,name,title
2797134,"2016-07-28 15:19:13",,900821317,lol,"90077騒男 100%胜率男刀",等了这么久，弟弟终于又五杀了
2797529,"2016-07-28 15:30:20",,900821317,lol,"90077騒男 100%胜率男刀",骚男你画的是什么鬼？
2799879,"2016-07-28 17:09:40",,900821317,lol,"90077騒男 100%胜率男刀",归零者的愤怒，一言不合就拿计算机
2797618,"2016-07-28 15:34:36",,900821317,lol,"90077騒男 100%胜率男刀",EZ这舞跳的很带感
2811126,"2016-07-29 17:34:40",nioukewudi,477393888,lol,90010-西门孔子,西门剑姬塔下1V3
2790011,"2016-07-27 20:10:51",wen284211345,1026868784,lol,新浪微博：虎牙TV叫我官人丶,这到手的大龙就这样飞了
2799678,"2016-07-28 17:00:57",wen284211345,1026868784,lol,新浪微博：虎牙TV叫我官人丶,不详不按常规出牌，官人遭套路
2811239,"2016-07-29 17:41:05",gaoshoudaren2,107524968,lol,黑店百地,黑店百地精彩集锦
2811276,"2016-07-29 17:44:25",gaoshoudaren2,107524968,lol,黑店百地,黑店百地
2809801,"2016-07-29 15:56:51",dongxiaosazhibo1,500066171,lol,TCS丶董导,董导魔力瞎实力坑妹子
2809873,"2016-07-29 16:06:22",dongxiaosazhibo1,500066171,lol,TCS丶董导,MISS示爱董弱鸡？
2792907,"2016-07-27 23:18:56",dongxiaosazhibo1,500066171,lol,TCS丶董导,董小飒哄得Miss很开心
2799338,"2016-07-28 16:43:50",yy_edg02,1324335079,lol,EDG.Clearlove,毛神是一毛不拔的铁公鸡？
2793101,"2016-07-27 23:39:26",yy_edg02,1324335079,lol,EDG.Clearlove,厂长是电竞白莲花？（纯洁无暇）
2799339,"2016-07-28 16:46:54",yy_edg02,1324335079,lol,EDG.Clearlove,厂长有话说：一切以数据说话
2793362,"2016-07-28 00:14:54",paoxiaofu222,983855856,lol,新浪微博：lol陆雪琪,"陆雪琪快速走A 五杀遗憾被抢"
2811044,"2016-07-29 17:26:32",paoxiaofu222,983855856,lol,新浪微博：lol陆雪琪,新浪微博：lol陆雪琪
2811081,"2016-07-29 17:29:53",paoxiaofu222,983855856,lol,新浪微博：lol陆雪琪,陆雪琪原来这么污
2798709,"2016-07-28 16:24:55",1639423385yy,1466346678,lol,Miss大小姐的直播间,一板砖拍死！Miss被抢五杀
2799670,"2016-07-28 16:54:05",1639423385yy,1466346678,lol,Miss大小姐的直播间,"Miss唱《小幸运》 讲真唱的还真不错！"
2812697,"2016-07-29 20:05:45",nioukewudi,477393888,lol,90010-西门孔子,猜猜慎去哪里了
2810861,"2016-07-29 17:08:36",sunmengbo1,100523075,lol,小战,小战坑爹时刻
2810863,"2016-07-29 17:09:10",sunmengbo1,100523075,lol,小战,小战
2810864,"2016-07-29 17:09:42",sunmengbo1,100523075,lol,小战,小战
2810866,"2016-07-29 17:10:30",sunmengbo1,100523075,lol,小战,小战
2810899,"2016-07-29 17:14:10",sunmengbo1,100523075,lol,小战,小战
2810915,"2016-07-29 17:15:13",sunmengbo1,100523075,lol,小战,小战
2810916,"2016-07-29 17:15:30",sunmengbo1,100523075,lol,小战,小战
2810246,"2016-07-29 16:29:28",paoxiaofu222,983855856,lol,新浪微博：lol陆雪琪,"陆雪琪2016/07/29 精彩时刻"
2810715,"2016-07-29 16:55:16",paoxiaofu222,983855856,lol,新浪微博：lol陆雪琪,哇！陆雪琪也太大了吧
2793494,"2016-07-28 01:32:14",paoxiaofu222,983855856,lol,新浪微博：lol陆雪琪,"陆雪琪看污片 僵尸道长被强暴"
2810972,"2016-07-29 17:18:48",zjz1987528,63707351,lol,国服第一锐雯-风神,看点不同的！风神惨时刻
2810983,"2016-07-29 17:19:04",zjz1987528,63707351,lol,国服第一锐雯-风神,国服第一锐雯-风神
2810982,"2016-07-29 17:19:20",zjz1987528,63707351,lol,国服第一锐雯-风神,国服第一锐雯-风神
2810987,"2016-07-29 17:20:13",zjz1987528,63707351,lol,国服第一锐雯-风神,国服第一锐雯-风神
2810989,"2016-07-29 17:20:26",zjz1987528,63707351,lol,国服第一锐雯-风神,国服第一锐雯-风神
2809862,"2016-07-29 16:03:39",yy_edg01,1324273199,lol,EDG丶Koro1,Koro1选择困难症应该也是蛮严重的
2809799,"2016-07-29 15:55:32",yy_edg01,1324273199,lol,EDG丶Koro1,Koro1三杀锁定胜局
2811023,"2016-07-29 17:23:48",qq347147159,311913984,df,AzZ丶狂人(90581)荧光棒,"AzZ丶狂人(90581)15手搓光剑魂 碾压震撼大地"
2811110,"2016-07-29 17:32:31",a1151947228,172162826,df,AzZ丶小古子,"神豪自带手残 AzZ丶小古子神装剑魂号血战震撼"
2796371,"2016-07-28 14:06:13",1315598524yy,1211612188,lol,第一无伤打野老鼠90010小鑫,主播已经尴尬到脸红了...
2811092,"2016-07-29 17:30:53",a1151947228,172162826,df,AzZ丶小古子,"深渊出货有规律 AzZ丶小古子深渊出拳风"
2810855,"2016-07-29 17:02:55",xxt7758521147,965293866,df,９ｏ６６８,９ｏ６６８红眼冰魄搞笑挑逗七夕活动小麻雀
2810823,"2016-07-29 17:00:58",xxt7758521147,965293866,df,９ｏ６６８,９ｏ６６８红眼冰魄小试青龙大会
2810783,"2016-07-29 16:58:44",xxt7758521147,965293866,df,９ｏ６６８,９ｏ６６８冰魄两个技能秒杀魂悲鸣
2811552,"2016-07-29 18:05:58",a260931007,171423073,lol,JQK.旋律,惨惨惨！！！
2810753,"2016-07-29 16:57:24",xxt7758521147,965293866,df,９ｏ６６８,９ｏ６６８冰魄瞬间秒杀黑雾之源BOSS
2811714,"2016-07-29 18:15:24",qw13591226290,60662538,lol,King-第一亚索,不愧为虎牙第一亚索
2796497,"2016-07-28 14:21:46",fengyang11,184686942,lol,90010小祸水,【小祸水】小鱼人泉水里拿五杀
2796380,"2016-07-28 14:09:26",1315598524yy,1211612188,lol,第一无伤打野老鼠90010小鑫,无形装B，最为致命
2796423,"2016-07-28 14:14:01",1315598524yy,1211612188,lol,第一无伤打野老鼠90010小鑫,又是一个闪现找打的
2796518,"2016-07-28 14:35:29",a4527295,324984163,lol,最强猴子盖伦90010阿伟,这个主播有点懵
2796527,"2016-07-28 14:39:32",a4527295,324984163,lol,最强猴子盖伦90010阿伟,主播这兰博的声音是你配的吧？
2809870,"2016-07-29 16:05:01",yy_edg01,1324273199,lol,EDG丶Koro1,Koro1扇子妈辅助
2810988,"2016-07-29 17:20:19",qq347147159,311913984,df,AzZ丶狂人(90581)荧光棒,AzZ丶狂人(90581)15手搓魔战白速刷擎天柱
2811080,"2016-07-29 17:29:10",zt1097366016,1106530877,lol,进击的空老师,这声娇喘简直伤耳朵
2808530,"2016-07-29 14:16:05",angelline1018,784081653,mc,大橙橙橙子,大橙子居然要呼吁老师布置作业？！
2811187,"2016-07-29 17:39:55",lylvoe2818,922143035,lol,90010最吸引喷子的盲僧,只能说这队友脾气真好
2811415,"2016-07-29 17:55:43",lylvoe2818,922143035,lol,90010最吸引喷子的盲僧,闪现躲技能真漂亮
2811251,"2016-07-29 17:42:25",lylvoe2818,922143035,lol,90010最吸引喷子的盲僧,到底是谁在作死...
2812624,"2016-07-29 19:55:06",sinistersk,648442697,lol,国服第一剑姬-可乐,可乐完美W逃过一劫
2811871,"2016-07-29 18:35:07",nny1023,73274903,lol,虎牙第一蛮王,转角踩到翔~
2811873,"2016-07-29 18:36:04",nny1023,73274903,lol,虎牙第一蛮王,无形装逼最为致命
2810957,"2016-07-29 17:17:34",qq347147159,311913984,df,AzZ丶狂人(90581)荧光棒,AzZ丶狂人(90581)剑魂号持15手搓刷塔
2811059,"2016-07-29 17:27:03",zt1097366016,1106530877,lol,进击的空老师,这跳的就有点尴尬了
2810933,"2016-07-29 17:16:56",b755403467,1016578758,lol,新浪微博：芜湖神丶,没有一点点防备蓝就被抢了
2810597,"2016-07-29 16:49:04",yy_edg05,1324336265,lol,EDG丶Meiko,Deft连躲四发子弹
2810900,"2016-07-29 17:14:05",qq347147159,311913984,df,AzZ丶狂人(90581)荧光棒,AzZ丶狂人(90581)红眼号手持15别云出击幻影塔
2810868,"2016-07-29 17:11:28",qq347147159,311913984,df,AzZ丶狂人(90581)荧光棒,"AzZ丶狂人(90581)SS罐子开竞猜 怒出60级SS"
2810860,"2016-07-29 17:08:51",qq347147159,311913984,df,AzZ丶狂人(90581)荧光棒,"AzZ丶狂人(90581)土豪魔枪秀仓库 满仓SS武器"
2810858,"2016-07-29 17:05:56",qq347147159,311913984,df,AzZ丶狂人(90581)荧光棒,AzZ丶狂人(90581)开盒子出3500票
2810528,"2016-07-29 16:43:54",yy_edg05,1324336265,lol,EDG丶Meiko,猜一猜Meiko调侃的是谁
2809631,"2016-07-29 15:39:02",yy_edg01,1324273199,lol,EDG丶Koro1,Koro1新发型（有点呆萌）
2808196,"2016-07-29 13:54:46",angelline1018,784081653,mc,大橙橙橙子,逼死强迫症失败后摔下来了2333
2810956,"2016-07-29 17:17:54",b755403467,1016578758,lol,新浪微博：芜湖神丶,卡牌传送机智偷家
2810665,"2016-07-29 16:53:15",aa763304151,80567762,df,AzZ丶苏澈,AzZ丶苏澈帮粉丝搭配装备
2810598,"2016-07-29 16:49:12",aa763304151,80567762,df,AzZ丶苏澈,出货有姿势’？AzZ丶苏澈鬼泣深渊出货集锦
2811593,"2016-07-29 18:07:28",s505113102,707403637,lol,王者强，,主播你唱的是什么鬼？
2811646,"2016-07-29 18:09:43",s505113102,707403637,lol,王者强，,这TP确实经典
2811735,"2016-07-29 18:17:53",c65176554,7983525,lol,4878小D,这样都能死？
2811790,"2016-07-29 18:22:21",c65176554,7983525,lol,4878小D,被当狗溜了的主播...
2812668,"2016-07-29 20:00:34",sinistersk,648442697,lol,国服第一剑姬-可乐,剑姬遛狗环节...
2810020,"2016-07-29 16:14:16",yy_edg05,1324336265,lol,EDG丶Meiko,玩游戏要有尊严（符文天赋都不用换）
2810076,"2016-07-29 16:18:27",yy_edg05,1324336265,lol,EDG丶Meiko,Meiko与粉丝互动（强行解释一波）
2823413,"2016-07-30 21:24:58",wuchen921119,551070471,df,６ｏ９亡誓,６ｏ９亡誓毁号帮开盒子秀。
2818710,"2016-07-30 14:04:28",1681435395yy,1499312947,ls,魔法之风,"骑士没地狱烈焰 但是有丁丁啊~"
2818701,"2016-07-30 14:03:56",1681435395yy,1499312947,ls,魔法之风,"嘴里说着接受 仍然打出伏笔"
2818728,"2016-07-30 14:06:09",1681435395yy,1499312947,ls,魔法之风,"你好 这是你点的诺森德"
2823356,"2016-07-30 21:19:24",qq1073536743,177375827,df,AzZ丶傲-范百亿（5801）,AzZ丶傲-范百亿（5801）19天霜神豪秀
2823362,"2016-07-30 21:20:56",xxt7758521147,965293866,df,９ｏ６６８,９ｏ６６８冰魄解说倒卖
2823388,"2016-07-30 21:23:04",wuchen921119,551070471,df,６ｏ９亡誓,６ｏ９亡誓强化13王之悲鸣
2821499,"2016-07-30 17:26:00",dongxiaosazhibo1,500066171,lol,TCS丶董导,真不愧是董弱鸡
2823343,"2016-07-30 21:17:15",1313214123yy,1209333813,df,666-仇东升,666-仇东升魔道精彩PK秀
2823335,"2016-07-30 21:16:23",1313214123yy,1209333813,df,666-仇东升,666-仇东升解说精彩PK秀
2823523,"2016-07-30 21:30:09",qq347147159,311913984,df,AzZ丶狂人(90581)荧光棒,AzZ丶狂人(90581)魔枪罐子怒开空城泪
2823577,"2016-07-30 21:32:26",aa763304151,80567762,df,AzZ丶苏澈,AzZ丶苏澈魂殇难民怒气战士刷黑雾
2839212,"2016-08-01 13:18:34",1346554702yy,1235605259,lol,兽王.国服第一诺手,无情断头台五杀
2823475,"2016-07-30 21:27:25",a1151947228,172162826,df,AzZ丶小古子,AzZ丶小古子和黄金天空
2822389,"2016-07-30 19:09:25",yy_edg04,1324335565,lol,EDG丶Deft,辛辛苦苦打的红就这样没了...
2822393,"2016-07-30 19:11:38",yy_edg04,1324335565,lol,EDG丶Deft,上天保佑我这个大招一定要中啊！
2829555,"2016-07-31 14:34:43",aa763304151,80567762,df,AzZ丶苏澈,AzZ丶苏澈肩白秒杀黑雾
2837938,"2016-08-01 10:43:59",dongxiaosazhibo1,500066171,lol,TCS丶董导,董弱鸡翻身做地主
2839109,"2016-08-01 13:10:51",cqsjxing01,77729063,lol,Fx丶星痕,你知道什么是飞机杯吗？
2829642,"2016-07-31 14:41:02",qq1073536743,177375827,df,AzZ丶傲-范百亿（5801）,AzZ丶傲-范百亿（5801）揭露黑商黑人手法。
2839513,"2016-08-01 13:41:40",l645114477,76494405,lol,90066丶情话万场螳螂求赐教,螳螂欺负女警被围殴
2839081,"2016-08-01 13:08:35",chinazhangtaotao,967933555,lol,90017智障涛:盖伦是一种信仰！,这配音很老司机
2839324,"2016-08-01 13:27:55",yan617914692,993318750,lol,颜王瑞文：不止是光速QA,"草丛惨案 一打三取三杀"
2839551,"2016-08-01 13:43:11",l645114477,76494405,lol,90066丶情话万场螳螂求赐教,这逼装大了（好尴尬）
2829602,"2016-07-31 14:38:07",a1151947228,172162826,df,AzZ丶小古子,AzZ丶小古子怒怼透明天空
2839024,"2016-08-01 13:05:53",pengzai3333,148207670,lol,咔咔-五百移速AP蛮王,没有一点点防备大龙就被抢了
2838638,"2016-08-01 11:53:38",qq526303078,62339845,lol,叶子,宝石秀神奇闪现
2838885,"2016-08-01 12:43:24",chenhanlian1234,1104958079,lol,4878丶柯南,血性男枪轻取四杀
2838494,"2016-08-01 11:42:51",as18774833540,952507306,lol,90010-大包子-表情包,来自包子的迷之娇喘
2838612,"2016-08-01 11:50:18",a260931007,171423073,lol,JQK.旋律,"看了两年直播还是青铜 怎么破？"
2838834,"2016-08-01 12:37:36",fengyang11,184686942,lol,90010小祸水,小鱼人力拔千斤取五杀
2839180,"2016-08-01 13:16:56",1315598524yy,1211612188,lol,第一无伤打野老鼠90010小鑫,听说这BGM上分比较容易
2838420,"2016-08-01 11:36:51",nuonuo90001,1553509808,lol,90001-諾Nuo,这波三杀拿的漂亮
2838340,"2016-08-01 11:31:38",xuanxuan199243,367138632,lol,卡尔,一颗触不及防的子弹
2838060,"2016-08-01 11:04:34",nny1023,73274903,lol,虎牙第一蛮王,什么是哈喽丘丘？
2838470,"2016-08-01 11:39:06",nuonuo90001,1553509808,lol,90001-諾Nuo,主播献唱《为了你》
2838175,"2016-08-01 11:18:15",zouzxhabcqwe,18600986,lol,最强AKL没有之一,无形刺客阿卡丽取五杀
2838192,"2016-08-01 11:19:18",zouzxhabcqwe,18600986,lol,最强AKL没有之一,到手的五杀就这样被抢了
2838033,"2016-08-01 11:00:44",cannababy123,1173712383,lol,90518-沙拉，36D素颜女亚索,沙拉你是不是想歪了哈哈哈
2837481,"2016-08-01 09:59:47",1639423385yy,1466346678,lol,Miss大小姐的直播间,Miss唱邓紫棋《后会无期》
2837565,"2016-08-01 10:04:38",1639423385yy,1466346678,lol,Miss大小姐的直播间,"Miss又唱歌了 那英的《默》"
2838673,"2016-08-01 12:00:41",b27752435,58879237,lol,90001.诡诈,这波表示看不懂啊
2838081,"2016-08-01 11:08:52",wen284211345,1026868784,lol,新浪微博：虎牙TV叫我官人丶,这大招放的有点尴尬
2838573,"2016-08-01 11:46:49",shaoliufei521,1205087020,lol,90494-飞飞,皇子微妙的EQ闪
2829285,"2016-07-31 14:15:14",xxt7758521147,965293866,df,９ｏ６６８,冰魄躺尸观看顶级肩白刷RAID黑雾
2829259,"2016-07-31 14:13:13",xxt7758521147,965293866,df,９ｏ６６８,９ｏ６６８冰魄红眼带队碾压RAID能源秒BOSS
2838075,"2016-08-01 11:06:44",nny1023,73274903,lol,虎牙第一蛮王,这是什么星球的语言
2838352,"2016-08-01 11:32:51",a4527295,324984163,lol,最强猴子盖伦90010阿伟,这都能Q空？
2838320,"2016-08-01 11:29:14",zenghui092,59277928,lol,兔子,好一个自信回头
2838291,"2016-08-01 11:26:33",gongzigehsj,2328321,lol,迷人,大龙这样都被抢了？
2829452,"2016-07-31 14:25:52",weiwei672349979,618378372,df,AzZ丶小炜,小炜15荒古巨剑红眼竞速黑色火山强秒BOSS
2829534,"2016-07-31 14:31:03",weiwei672349979,618378372,df,AzZ丶小炜,AzZ丶小炜混元蓝拳带队RAID擎天，瞬秒BOSS
2829543,"2016-07-31 14:33:38",weiwei672349979,618378372,df,AzZ丶小炜,AzZ丶小炜红眼带队20人强杀RAID火山
2829512,"2016-07-31 14:28:40",weiwei672349979,618378372,df,AzZ丶小炜,AzZ丶小炜逆龙漫游带队碾压RAID黑雾
2829429,"2016-07-31 14:23:29",weiwei672349979,618378372,df,AzZ丶小炜,AzZ丶小炜修罗带队RAID能源秒杀BOSS
2838021,"2016-08-01 10:56:19",qq645955789,15862445,lol,10分钟不超神剁手-90009阿雨,好诡异的笑声...
2843875,"2016-08-01 19:27:12",,900821317,lol,"90077騒男 100%胜率男刀",骚男现在不按6改按2了？
2837605,"2016-08-01 10:09:43",,900821317,lol,"90077騒男 100%胜率男刀",少侠好武功！溜得抠脚
2837614,"2016-08-01 10:10:37",,900821317,lol,"90077騒男 100%胜率男刀",无情的走位
2837637,"2016-08-01 10:12:06",,900821317,lol,"90077騒男 100%胜率男刀",弟弟救我弟弟！
2837954,"2016-08-01 10:46:28",sinistersk,648442697,lol,国服第一剑姬-可乐,丝血逆转反杀刀妹
2838092,"2016-08-01 11:13:06",xiaoyuncenqinglin,1423288478,lol,国服第一狮子狗-小跟班-90035,高爆AP狮子狗落地秒
2830179,"2016-07-31 15:29:07",1681435395yy,1499312947,ls,魔法之风,神抽之间的战争
2838118,"2016-08-01 11:16:29",xiaoyuncenqinglin,1423288478,lol,国服第一狮子狗-小跟班-90035,主播遭酒桶嘲讽
2837970,"2016-08-01 10:49:31",b755403467,1016578758,lol,新浪微博：芜湖神丶,被石头人打死这就很囧了...
2838244,"2016-08-01 11:22:09",z15944412582,1454145281,lol,世界第一盲僧,这波就很尴尬了
2837690,"2016-08-01 10:19:43",yy_edg02,1324335079,lol,EDG.Clearlove,课本上的小明就是厂长？
2837699,"2016-08-01 10:21:35",yy_edg02,1324335079,lol,EDG.Clearlove,请叫我克烈儿辣
2837730,"2016-08-01 10:24:04",yy_edg02,1324335079,lol,EDG.Clearlove,厂长还有唱歌的潜力？
2829304,"2016-07-31 14:17:21",1313214123yy,1209333813,df,666-仇东升,666-仇东升PK高分段大枪惊现取胜
2829346,"2016-07-31 14:20:08",qq784444622,886574870,df,AzZ丶雷锋,AzZ丶雷锋剑魂PK虐杀各职业！
2837678,"2016-08-01 10:16:56",,900821317,lol,"90077騒男 100%胜率男刀",骚男极限塔杀
2839253,"2016-08-01 13:23:24",sunmengbo1,100523075,lol,小战,冰鸟这个墙挡的漂亮
2829238,"2016-07-31 14:10:39",wuchen921119,551070471,df,６ｏ９亡誓,６ｏ９亡誓带队RAID，秒杀擎天BOSS
2829222,"2016-07-31 14:08:39",wuchen921119,551070471,df,６ｏ９亡誓,６ｏ９亡誓赵云号强化13手搓蛇矛
2837750,"2016-08-01 10:28:04",yy_edg02,1324335079,lol,EDG.Clearlove,身体被掏空的厂长
2837762,"2016-08-01 10:29:34",yy_edg02,1324335079,lol,EDG.Clearlove,一脸尴尬的厂长
2837806,"2016-08-01 10:33:53",yy_edg02,1324335079,lol,EDG.Clearlove,韦神想抱厂长大腿？
2837835,"2016-08-01 10:35:07",yy_edg02,1324335079,lol,EDG.Clearlove,厂长上分不讲兄弟（心疼马哥）
2837421,"2016-08-01 09:53:47",paoxiaofu222,983855856,lol,新浪微博：lol陆雪琪,陆雪琪EZ扭转局势取四杀
2841527,"2016-08-01 16:01:25",xxt7758521147,965293866,df,９ｏ６６８,９ｏ６６８冰魄搞笑解说幽魂红血战擎天
2841105,"2016-08-01 15:19:32",angelline1018,784081653,mc,大橙橙橙子,大橙橙橙子~~~连击连击~！！
2840789,"2016-08-01 15:06:01",qq347147159,311913984,df,AzZ丶狂人(90581)荧光棒,AzZ丶狂人(90581)收购粉丝3000深渊票
2841581,"2016-08-01 16:09:17",weiwei672349979,618378372,df,AzZ丶小炜,AzZ丶小炜红眼号15荒古巨怒秒RAID黑雾
2841617,"2016-08-01 16:13:23",weiwei672349979,618378372,df,AzZ丶小炜,AzZ丶小炜15荒古巨红眼强杀RAID火山一套带走
2841535,"2016-08-01 16:05:20",weiwei672349979,618378372,df,AzZ丶小炜,AzZ丶小炜武极号1脚开眼2脚秒杀RAID能源
2841434,"2016-08-01 15:48:10",a1151947228,172162826,df,AzZ丶小古子,小古子荒古太红神深渊出双黄网络连接中断
2843119,"2016-08-01 18:15:58",yy_edg02,1324335079,lol,EDG.Clearlove,"满屏问号 厂长韩服男枪瞬间五杀"
2843164,"2016-08-01 18:20:51",yy_edg02,1324335079,lol,EDG.Clearlove,电竞羞射小红花--厂长
2841200,"2016-08-01 15:26:52",qq784444622,886574870,df,AzZ丶雷锋,AzZ丶雷锋剑魂号帅气连招虐杀剑魂
2841359,"2016-08-01 15:37:53",qq784444622,886574870,df,AzZ丶雷锋,太帅！AzZ丶雷锋剑魂号几乎满血虐杀红王爷
2841339,"2016-08-01 15:35:14",qq784444622,886574870,df,AzZ丶雷锋,AzZ丶雷锋黑骑号对战女漫游各种华丽扯技
2841303,"2016-08-01 15:32:11",qq784444622,886574870,df,AzZ丶雷锋,AzZ丶雷锋红眼号PK漫游大崩血剑瞬间带走
2841248,"2016-08-01 15:29:31",qq784444622,886574870,df,AzZ丶雷锋,AzZ丶雷锋剑魂号霸气连招虐杀黄金套元素
2838294,"2016-08-01 11:27:26",1681435395yy,1499312947,ls,魔法之风,"清理竞技场战果 竟然各种传说"
2838332,"2016-08-01 11:30:22",1681435395yy,1499312947,ls,魔法之风,"变一次就要满足 第二次会坑的"
2838379,"2016-08-01 11:34:18",1681435395yy,1499312947,ls,魔法之风,"声控这种事情 只能有第一次"
2838456,"2016-08-01 11:38:03",1681435395yy,1499312947,ls,魔法之风,声控失败的经历
2843953,"2016-08-01 19:38:15",1639423385yy,1466346678,lol,Miss大小姐的直播间,"Miss又立flag了 坐等大小姐跳舞~"
2841519,"2016-08-01 15:55:42",xxt7758521147,965293866,df,９ｏ６６８,９ｏ６６８冰魄红眼血爆血剑秒杀能源BOSS
2841948,"2016-08-01 16:29:29",qq1073536743,177375827,df,AzZ丶傲-范百亿（5801）,AzZ丶傲-范百亿（5801）跟徒弟玩套路！
2841128,"2016-08-01 15:22:01",1313214123yy,1209333813,df,666-仇东升,仇东升魔道号PK高分段百花被玩猥琐
2841084,"2016-08-01 15:18:52",1313214123yy,1209333813,df,666-仇东升,仇东升鬼泣号被漫游虐杀
2841050,"2016-08-01 15:16:02",1313214123yy,1209333813,df,666-仇东升,仇东升鬼泣号虐杀新职业决战者
2841145,"2016-08-01 15:22:50",1313214123yy,1209333813,df,666-仇东升,仇东升魔道号PK红王爷一不留神就被秒
2841144,"2016-08-01 15:22:42",1313214123yy,1209333813,df,666-仇东升,666-仇东升操作元素实力PK红王爷
2841146,"2016-08-01 15:22:36",1313214123yy,1209333813,df,666-仇东升,666-仇东升操作元素实力干翻白贝勒
2843667,"2016-08-01 19:14:57",yy_edg02,1324335079,lol,EDG.Clearlove,"网友任性 冲100QB只为看厂长斗地主"
2837209,"2016-08-01 09:35:44",paoxiaofu222,983855856,lol,新浪微博：lol陆雪琪,陆雪琪说好的吃翔呢？
2837175,"2016-08-01 09:32:16",paoxiaofu222,983855856,lol,新浪微博：lol陆雪琪,flag不能随便乱立啊！
2837185,"2016-08-01 09:33:39",paoxiaofu222,983855856,lol,新浪微博：lol陆雪琪,都是手贱惹的祸
2837210,"2016-08-01 09:35:08",paoxiaofu222,983855856,lol,新浪微博：lol陆雪琪,陆雪琪也爱上说骚话了
2837319,"2016-08-01 09:41:45",paoxiaofu222,983855856,lol,新浪微博：lol陆雪琪,我把你当朋友你居然想上我！
2841740,"2016-08-01 16:22:44",aa763304151,80567762,df,AzZ丶苏澈,AzZ丶苏澈荒古短红神碾压擎天如切菜
2841715,"2016-08-01 16:19:52",aa763304151,80567762,df,AzZ丶苏澈,AzZ丶苏澈荒古太幽魂瞎子瞬秒RAID黑雾
2841681,"2016-08-01 16:17:49",aa763304151,80567762,df,AzZ丶苏澈,AzZ丶苏澈里鬼战士瞬秒RAID擎天500管
2870474,"2016-08-04 10:51:09",dongxiaosazhibo1,500066171,lol,TCS丶董导,原来车还可以反着开...
2870546,"2016-08-04 10:57:40",dongxiaosazhibo1,500066171,lol,TCS丶董导,什么都别说了！赶紧上车！
2870358,"2016-08-04 10:43:41",lylvoe2818,922143035,lol,90010最吸引喷子的盲僧,你这样自黑真的好么主播？
2870401,"2016-08-04 10:46:17",cqsjxing01,77729063,lol,Fx丶星痕,这狗头人的配音真是6666
2870089,"2016-08-04 10:24:03",yan617914692,993318750,lol,颜王瑞文：不止是光速QA,神奇的抢龙加四杀引领胜局
2870156,"2016-08-04 10:34:44",a353938990,14995132,lol,电一王者奥拉夫90077极限,很好！这很极限哥！
2869878,"2016-08-04 09:51:29",a260931007,171423073,lol,JQK.旋律,主播下线深情告别粉丝
2870079,"2016-08-04 10:22:33",qwe778513,1494640921,lol,波比斌-这个波比斌很强势~,话音未落就...
2837888,"2016-08-01 10:38:18",yy_edg02,1324335079,lol,EDG.Clearlove,厂长贵宾席里有亮点~
2870056,"2016-08-04 10:16:57",nuonuo90001,1553509808,lol,90001-諾Nuo,诺爷再次献唱网络歌曲《为了你》
2869976,"2016-08-04 10:08:45",tracy920576156,62424187,lol,90010薇儿,回个城你也要来秒我！
2869983,"2016-08-04 10:10:33",chenhanlian1234,1104958079,lol,4878丶柯南,我怎么就黑屏了？（一脸懵逼）
2869817,"2016-08-04 09:48:30",xuanxuan199243,367138632,lol,卡尔,小丑蹲点瞬秒薇恩
2867262,"2016-08-03 22:07:44",1315598524yy,1211612188,lol,第一无伤打野老鼠90010小鑫,叫你浪~现在好了吧
2870044,"2016-08-04 10:14:12",pengzai3333,148207670,lol,咔咔-五百移速AP蛮王,主播解析蛮王套路
2843124,"2016-08-01 18:16:36",brv62857,558802298,kan,R&D,R&D
2843115,"2016-08-01 18:14:59",brv62857,558802298,kan,R&D,为什么辣么喜欢咪咪呢
2869965,"2016-08-04 10:06:47",as18774833540,952507306,lol,90010-大包子-表情包,闪现空了强行扯一波理由
2867213,"2016-08-03 22:02:01",ziyexi0003,390711476,lol,童话王者排位1200胜点,下路寒冰无懈可击轻取三杀
2867219,"2016-08-03 22:03:22",ziyexi0003,390711476,lol,童话王者排位1200胜点,这个大空得没有一点点防备
2867206,"2016-08-03 22:00:28",ziyexi0003,390711476,lol,童话王者排位1200胜点,童话你为什么笑的如此羞射
2869961,"2016-08-04 10:05:02",fengyang11,184686942,lol,90010小祸水,水哥与水友Solo
2869691,"2016-08-04 09:37:32",qw13591226290,60662538,lol,King-第一亚索,遇到这情况最气！你遇到过没？
2867223,"2016-08-03 22:04:36",denglutangzhan2,960812175,lol,虎牙第一亚索,这确实有点尴尬
2869954,"2016-08-04 10:02:58",qq526303078,62339845,lol,叶子,亚索遭老司机反戈
2867174,"2016-08-03 21:52:19",zouzxhabcqwe,18600986,lol,最强AKL没有之一,做人难道就不能低调一点？
2867173,"2016-08-03 21:52:59",a4527295,324984163,lol,最强猴子盖伦90010阿伟,幸福来得太突然~
2869932,"2016-08-04 09:58:49",shaoliufei521,1205087020,lol,90494-飞飞,塔下反击怒拿双杀
2867245,"2016-08-03 22:06:54",b27752435,58879237,lol,90001.诡诈,实力分析一波
2869710,"2016-08-04 09:39:40",qw13591226290,60662538,lol,King-第一亚索,这智商就有点捉急了...
2843085,"2016-08-01 18:07:08",junchenggs16,1481941356,kan,2938-胡老師,2938-胡老師
2843082,"2016-08-01 18:04:44",junchenggs16,1481941356,kan,2938-胡老師,2938-胡老師
2843064,"2016-08-01 18:02:33",junchenggs16,1481941356,kan,2938-胡老師,胡老師欢快献歌一曲~
2842971,"2016-08-01 17:51:46",qq745082326,486806573,kan,M·H,M·H
2842936,"2016-08-01 17:47:52",qq745082326,486806573,kan,M·H,M·H
2842927,"2016-08-01 17:46:20",qq745082326,486806573,kan,M·H,来一段激情的RAP
2867159,"2016-08-03 21:50:56",gongzigehsj,2328321,lol,迷人,这妹子说话有点刚
2866851,"2016-08-03 21:19:54",zt1097366016,1106530877,lol,进击的空老师,残血配合挖掘机反杀男枪
2842742,"2016-08-01 17:31:21",lruva6275975,1075252661,kan,R&D-苏悦,R&D-苏悦
2842733,"2016-08-01 17:26:06",lruva6275975,1075252661,kan,R&D-苏悦,R&D-苏悦
2842604,"2016-08-01 17:15:50",lruva6275975,1075252661,kan,R&D-苏悦,"R&D-苏悦 有人唱歌有人跳舞~岂不美哉"
2842576,"2016-08-01 17:12:02",lruva6275975,1075252661,kan,R&D-苏悦,现场教学如何对口型~
2870356,"2016-08-04 10:43:08",lylvoe2818,922143035,lol,90010最吸引喷子的盲僧,这塔越得就有点糗了
2867068,"2016-08-03 21:41:29",nny1023,73274903,lol,虎牙第一蛮王,这就有点尴尬了
2867071,"2016-08-03 21:42:29",nny1023,73274903,lol,虎牙第一蛮王,没蓝了蛮王大按不出来
2851129,"2016-08-02 14:46:57",1681435395yy,1499312947,ls,魔法之风,"对面的狂战士 息熄火"
2851182,"2016-08-02 14:49:41",1681435395yy,1499312947,ls,魔法之风,"副导不高兴 让你选择投降"
2851206,"2016-08-02 14:50:32",1681435395yy,1499312947,ls,魔法之风,为什么别人的副导那么过分
2851252,"2016-08-02 14:53:10",1681435395yy,1499312947,ls,魔法之风,辛亏是优势局
2851280,"2016-08-02 14:55:50",1681435395yy,1499312947,ls,魔法之风,"10/10巨蛋斩杀 堪比大表哥"
2866893,"2016-08-03 21:22:50",chouchang7758,61316727,lol,青春-天下第一AP牛盲僧,老牛绝地逃亡反杀
2864109,"2016-08-03 16:56:41",a644955857,353806353,lol,虎牙第一打野剑圣,为了挖掘机也是拼了
2870322,"2016-08-04 10:40:47",shousuliu90110,1228572917,lol,手速流：盲僧一秒牙踢碎全区到大师送粉丝,Q加W无缝连接
2867134,"2016-08-03 21:48:15",qq1025237297,380073577,lol,90001-涛哥,打野剑圣越塔遭反杀
2867185,"2016-08-03 21:54:07",wen284211345,1026868784,lol,新浪微博：虎牙TV叫我官人丶,吓得我直接把耳机扔了！
2867184,"2016-08-03 21:54:31",wen284211345,1026868784,lol,新浪微博：虎牙TV叫我官人丶,这是什么版本的《纤夫的爱》
2866944,"2016-08-03 21:25:36",,900821317,lol,"90077騒男 100%胜率男刀","骚男亚索五杀 又是魔性的泥巴舞"
2866962,"2016-08-03 21:27:52",,900821317,lol,"90077騒男 100%胜率男刀",骚男单枪匹敌轻松双杀
2866985,"2016-08-03 21:30:26",,900821317,lol,"90077騒男 100%胜率男刀",骚男遭狐狸套路反杀
2867003,"2016-08-03 21:32:20",,900821317,lol,"90077騒男 100%胜率男刀",这表情真是贱萌贱萌的
2867015,"2016-08-03 21:33:52",,900821317,lol,"90077騒男 100%胜率男刀",瞎子躺着也中枪
2867023,"2016-08-03 21:35:57",,900821317,lol,"90077騒男 100%胜率男刀",骚男这龙画的真够抽象的...
2867191,"2016-08-03 21:56:31",xiaoyuncenqinglin,1423288478,lol,国服第一狮子狗-小跟班-90035,主播你手干啥呢
2867192,"2016-08-03 21:57:23",xiaoyuncenqinglin,1423288478,lol,国服第一狮子狗-小跟班-90035,估计已经气炸了
2867067,"2016-08-03 21:40:13",z15944412582,1454145281,lol,世界第一盲僧,主播纠结症已犯
2863587,"2016-08-03 16:28:49",s505113102,707403637,lol,王者强，,这样都不死？主播已气炸
2863317,"2016-08-03 16:08:21",1639423385yy,1466346678,lol,Miss大小姐的直播间,Miss直播读课文
2863230,"2016-08-03 16:04:22",1639423385yy,1466346678,lol,Miss大小姐的直播间,Miss，请看枪！（是不是我想歪了）
2866661,"2016-08-03 21:11:40",yy476384081,363448252,lol,灭世冷漠,大哥，不能高兴得太早！
2870279,"2016-08-04 10:37:07",gaoshoudaren2,107524968,lol,黑店百地,蒙多残血塔下反杀剑姬
2870068,"2016-08-04 10:20:14",sinistersk,648442697,lol,国服第一剑姬-可乐,蜘蛛闪哪里去了呢？
2853185,"2016-08-02 17:00:40",qq1073536743,177375827,df,AzZ丶傲-范百亿（5801）,AzZ丶傲-范百亿解说SS灵魂系统兑换
2851333,"2016-08-02 14:59:56",1681435395yy,1499312947,ls,魔法之风,"竞技场奴隶战 这就是套路"
2863774,"2016-08-03 16:41:45",duying149,14784523,lol,90666-梓童：3000荧光棒解新姿,这闪现完全猜不到...
2853251,"2016-08-02 17:03:59",xxt7758521147,965293866,df,９ｏ６６８,９ｏ６６８冰魄大秀满仓剑鞘卖黑手
2866621,"2016-08-03 21:08:37",sunmengbo1,100523075,lol,小战,果然flag不能乱立~
2866629,"2016-08-03 21:09:28",sunmengbo1,100523075,lol,小战,无辜寡妇成小战刀下亡魂
2853106,"2016-08-02 16:55:37",1313214123yy,1209333813,df,666-仇东升,666-仇东升本体魔道大战神级武神！
2863592,"2016-08-03 16:29:41",s505113102,707403637,lol,王者强，,疯狗强拿三杀
2863602,"2016-08-03 16:31:25",s505113102,707403637,lol,王者强，,这ID简直霸气侧漏
2863689,"2016-08-03 16:36:59",qq498393044,1244004293,lol,90077-tata,主播这反射弧有点长
2853341,"2016-08-02 17:14:46",qq784444622,886574870,df,AzZ丶雷锋,AzZ丶雷锋修罗号PK碾压大红神
2853339,"2016-08-02 17:13:50",qq784444622,886574870,df,AzZ丶雷锋,AzZ丶雷锋修罗号虐杀白银天空剑宗
2863549,"2016-08-03 16:25:36",q13730706768,1018835843,lol,JQK.旧梦,寒冰巧妙配合轻取双杀
2853331,"2016-08-02 17:11:11",qq784444622,886574870,df,AzZ丶雷锋,AzZ丶雷锋红眼号虐杀白手抓头收尾
2853326,"2016-08-02 17:10:04",qq784444622,886574870,df,AzZ丶雷锋,AzZ丶雷锋红眼号对战猥琐女漫
2866782,"2016-08-03 21:16:44",qq645955789,15862445,lol,10分钟不超神剁手-90009阿雨,笑声自带恐怖属性的主播
2869923,"2016-08-04 09:55:33",doyouknow999,662473019,lol,YY最强锤石-90010二狗蛋,主播说他带女粉你信么？
2864224,"2016-08-03 17:13:50",1346554702yy,1235605259,lol,兽王.国服第一诺手,这指挥给满分
2866584,"2016-08-03 21:03:34",nioukewudi,477393888,lol,90010-西门孔子,西门一怒之下举报挂机队友
2863827,"2016-08-03 16:43:19",duying149,14784523,lol,90666-梓童：3000荧光棒解新姿,气到捶胸，蓝居然被抢了
2856502,"2016-08-02 22:36:09",qq745082326,486806573,kan,M·H,M·H
2856469,"2016-08-02 22:34:57",qq745082326,486806573,kan,M·H,M·H
2853345,"2016-08-02 17:17:08",wuchen921119,551070471,df,６ｏ９亡誓,６ｏ９亡誓神级魔枪号直播一发SS罐子能否逆袭
2870825,"2016-08-04 11:30:26",yu3936139182006,156184714,lol,90001-思念,90001-思念
2863919,"2016-08-03 16:48:27",yu3936139182006,156184714,lol,90001-思念,该来的还是会来~
2870312,"2016-08-04 10:39:32",c65176554,7983525,lol,4878小D,没预料到的五杀~
2856352,"2016-08-02 22:21:17",lruva6275975,1075252661,kan,R&D-苏悦,"气球炸了 吓死宝宝了"
2856316,"2016-08-02 22:17:05",lruva6275975,1075252661,kan,R&D-苏悦,一起来做深蹲吧~
2863991,"2016-08-03 16:51:40",a546178708,476629970,lol,亚索最暴力教学90010奥贝罗亚索导师,这一炮直接把主播吓蒙了
2864034,"2016-08-03 16:53:45",a546178708,476629970,lol,亚索最暴力教学90010奥贝罗亚索导师,亚索残血草丛反蹲
2870457,"2016-08-04 10:50:04",chinazhangtaotao,967933555,lol,90017智障涛:盖伦是一种信仰！,"游戏可以输 但你必须死"
2870633,"2016-08-04 11:08:50",y809118512,448323721,lol,95%胜率武器大师二师兄.YY90666,斯巴达1V3的真实剧本
2863658,"2016-08-03 16:34:05",y809118512,448323721,lol,95%胜率武器大师二师兄.YY90666,这战争套路深不见底
2863677,"2016-08-03 16:35:43",y809118512,448323721,lol,95%胜率武器大师二师兄.YY90666,一切来得那么突然
2870587,"2016-08-04 11:02:02",lylvoe2818,922143035,lol,90010最吸引喷子的盲僧,90010最吸引喷子的盲僧
2853308,"2016-08-02 17:09:07",a1151947228,172162826,df,AzZ丶小古子,AzZ丶小古子深渊一发出货
2867085,"2016-08-03 21:45:01",sssaaa211,59000470,lol,蛇哥CoLiN~职业联赛解说,"土豪主播钱赚了没地方花 大送福利"
2853359,"2016-08-02 17:20:44",aa763304151,80567762,df,AzZ丶苏澈,AzZ丶苏澈荒古太修罗瞬秒擎天火花女王
2870578,"2016-08-04 11:00:48",a353938990,14995132,lol,电一王者奥拉夫90077极限,心里一百万只草泥马
2870571,"2016-08-04 10:59:53",a353938990,14995132,lol,电一王者奥拉夫90077极限,电一王者奥拉夫疯狗式开团
2870411,"2016-08-04 10:47:28",yan617914692,993318750,lol,颜王瑞文：不止是光速QA,颜王瑞文带错天赋也能赢
2870412,"2016-08-04 10:47:32",yan617914692,993318750,lol,颜王瑞文：不止是光速QA,颜王瑞文：不止是光速QA
2870473,"2016-08-04 10:51:41",a546178708,476629970,lol,亚索最暴力教学90010奥贝罗亚索导师,亚索最暴力教学90010奥贝罗亚索导师
2875552,"2016-08-04 18:38:03",sbww940812,817929720,kan,MyTh90005-阿娇,MyTh90005-阿娇
2875517,"2016-08-04 18:36:08",sbww940812,817929720,kan,MyTh90005-阿娇,MyTh90005-阿娇
2875471,"2016-08-04 18:34:52",sbww940812,817929720,kan,MyTh90005-阿娇,MyTh90005-阿娇小秀情歌
2870104,"2016-08-04 10:28:13",pcw1133,214631073,lol,国服第一上单机器,一切来得那么突然
2870601,"2016-08-04 11:05:08",wangzhaoya,17363578,lol,电一王者ADC,电一王者ADC
2870410,"2016-08-04 10:47:36",yan617914692,993318750,lol,颜王瑞文：不止是光速QA,颜王瑞文：不止是光速QA
2870392,"2016-08-04 10:45:59",1141985320yy,1075366402,lol,90077羊妹妹,羊妹妹唱《暖暖》
2870125,"2016-08-04 10:31:52",1141985320yy,1075366402,lol,90077羊妹妹,这西瓜你确定能吃么？
2870309,"2016-08-04 10:39:31",fengyang11,184686942,lol,90010小祸水,小祸水美服高延迟
2870307,"2016-08-04 10:39:35",fengyang11,184686942,lol,90010小祸水,90010小祸水
2870592,"2016-08-04 11:03:57",wangzhaoya,17363578,lol,电一王者ADC,神一般的死亡方式
2870596,"2016-08-04 11:04:34",wangzhaoya,17363578,lol,电一王者ADC,电一王者ADC
2870357,"2016-08-04 10:43:52",qwe778513,1494640921,lol,波比斌-这个波比斌很强势~,波比斌-这个波比斌很强势~
2870378,"2016-08-04 10:44:41",qwe778513,1494640921,lol,波比斌-这个波比斌很强势~,波比斌-这个波比斌很强势~
2863797,"2016-08-03 16:42:06",xxt7758521147,965293866,df,９ｏ６６８,９ｏ６６８冰魄红眼日常秒杀黑雾之源
2865206,"2016-08-03 18:41:20",brv62857,558802298,kan,R&D,R&D
2870323,"2016-08-04 10:40:55",pengzai3333,148207670,lol,咔咔-五百移速AP蛮王,咔咔呆萌表情
2867201,"2016-08-03 22:00:01",denglutangzhan2,960812175,lol,虎牙第一亚索,虎牙第一亚索
2870083,"2016-08-04 10:23:04",a260931007,171423073,lol,JQK.旋律,旋律的100种死法之野怪
2870093,"2016-08-04 10:25:26",as18774833540,952507306,lol,90010-大包子-表情包,大包子极限螳螂操作
2870092,"2016-08-04 10:25:41",as18774833540,952507306,lol,90010-大包子-表情包,90010-大包子-表情包
2870096,"2016-08-04 10:26:04",as18774833540,952507306,lol,90010-大包子-表情包,90010-大包子-表情包
2870219,"2016-08-04 10:35:35",chenhanlian1234,1104958079,lol,4878丶柯南,看柯南有福利送
2870182,"2016-08-04 10:35:40",chenhanlian1234,1104958079,lol,4878丶柯南,4878丶柯南
2867072,"2016-08-03 21:42:42",ziyexi0003,390711476,lol,童话王者排位1200胜点,童话排位翻盘很开心
2870340,"2016-08-04 10:42:38",yy476384081,363448252,lol,灭世冷漠,灭世冷漠遭遇喷子
2867333,"2016-08-03 22:12:09",hml13669429922,1009333046,lol,拉风龙,"拉风龙痛失五杀 好气"
2870107,"2016-08-04 10:29:38",1315598524yy,1211612188,lol,第一无伤打野老鼠90010小鑫,小鑫直播赏花
2870108,"2016-08-04 10:29:42",1315598524yy,1211612188,lol,第一无伤打野老鼠90010小鑫,第一无伤打野老鼠90010小鑫
2870109,"2016-08-04 10:29:47",1315598524yy,1211612188,lol,第一无伤打野老鼠90010小鑫,第一无伤打野老鼠90010小鑫
2867220,"2016-08-03 22:03:37",xuanxuan199243,367138632,lol,卡尔,卡尔电刀无尽机器人五杀
2864352,"2016-08-03 17:22:01",aa763304151,80567762,df,AzZ丶苏澈,苏澈荒古红眼号，一发血爆怒秒火山BOSS
2870100,"2016-08-04 10:27:38",shaoliufei521,1205087020,lol,90494-飞飞,飞飞纯输出皇子
2870101,"2016-08-04 10:28:01",shaoliufei521,1205087020,lol,90494-飞飞,90494-飞飞
2867026,"2016-08-03 21:36:23",wen284211345,1026868784,lol,新浪微博：虎牙TV叫我官人丶,叫我官人丶
2867027,"2016-08-03 21:36:27",wen284211345,1026868784,lol,新浪微博：虎牙TV叫我官人丶,新浪微博：虎牙TV叫我官人丶
2867025,"2016-08-03 21:36:33",wen284211345,1026868784,lol,新浪微博：虎牙TV叫我官人丶,新浪微博：虎牙TV叫我官人丶
2866943,"2016-08-03 21:25:53",nny1023,73274903,lol,虎牙第一蛮王,日常狮子吼
2867088,"2016-08-03 21:45:38",cannababy123,1173712383,lol,90518-沙拉，36D素颜女亚索,好污好邪恶的女主播
2867209,"2016-08-03 22:01:43",qq526303078,62339845,lol,叶子,这波可以杀的
2867194,"2016-08-03 21:58:04",a4527295,324984163,lol,最强猴子盖伦90010阿伟,好尴尬
2867195,"2016-08-03 21:58:45",a4527295,324984163,lol,最强猴子盖伦90010阿伟,最强猴子盖伦90010阿伟
2866990,"2016-08-03 21:31:02",gongzigehsj,2328321,lol,迷人,歌是关键
2866979,"2016-08-03 21:29:35",nuonuo90001,1553509808,lol,90001-諾Nuo,"游戏可以输 尊严留下"
2870280,"2016-08-04 10:37:06",qw13591226290,60662538,lol,King-第一亚索,King亚索残血拆水晶
2870281,"2016-08-04 10:37:54",qw13591226290,60662538,lol,King-第一亚索,King-第一亚索
2864536,"2016-08-03 17:34:46",wuchen921119,551070471,df,６ｏ９亡誓,"亡誓神级手搓剑魂号 无压力强杀能源"
2864497,"2016-08-03 17:32:44",wuchen921119,551070471,df,６ｏ９亡誓,"亡誓13手搓赵云 瞬秒能源你瞅啥"
2864475,"2016-08-03 17:30:32",wuchen921119,551070471,df,６ｏ９亡誓,抬走下一位！亡誓帮粉丝毁号开罐子
2864456,"2016-08-03 17:28:08",wuchen921119,551070471,df,６ｏ９亡誓,６ｏ９亡誓荒古黑骑号秒杀黑色火山！
2864424,"2016-08-03 17:26:06",wuchen921119,551070471,df,６ｏ９亡誓,６ｏ９亡誓帮粉丝魔枪号毁号完成！
2866936,"2016-08-03 21:24:53",tracy920576156,62424187,lol,90010薇儿,90010薇儿
2866920,"2016-08-03 21:23:47",z15944412582,1454145281,lol,世界第一盲僧,世界第一盲僧
2861834,"2016-08-03 14:26:49",weixiao5430,7959074,mc,五之歌,传说中的人鸡大战！鸡界中的战斗鸡
2861816,"2016-08-03 14:24:49",weixiao5430,7959074,mc,五之歌,五歌脚滑，跳跃变掉坑23333
2861794,"2016-08-03 14:22:16",weixiao5430,7959074,mc,五之歌,五歌信仰跳跃失败||||||
2867002,"2016-08-03 21:32:22",zouzxhabcqwe,18600986,lol,最强AKL没有之一,最强AKL没有之一
2867014,"2016-08-03 21:33:15",zouzxhabcqwe,18600986,lol,最强AKL没有之一,虎牙直播最强AKL
2867017,"2016-08-03 21:34:02",zouzxhabcqwe,18600986,lol,最强AKL没有之一,最强AKL没有之一
2867182,"2016-08-03 21:53:42",zenghui092,59277928,lol,兔子,听歌
2866903,"2016-08-03 21:22:48",q1q1466a,1016686157,lol,JQK.77,JQK.77
2863488,"2016-08-03 16:22:39",1313214123yy,1209333813,df,666-仇东升,666-仇东升魔道小号PK险胜名刀红王爷
2863476,"2016-08-03 16:20:34",1313214123yy,1209333813,df,666-仇东升,666-仇东升魔道小号PK虐杀卡B红眼
2863427,"2016-08-03 16:17:25",1313214123yy,1209333813,df,666-仇东升,666-仇东升魔道PKC冰车猥琐推死泳装女漫
2863411,"2016-08-03 16:16:01",1313214123yy,1209333813,df,666-仇东升,666-仇东升魔道PK碾压别云剑红眼
2866952,"2016-08-03 21:26:46",nny1023,73274903,lol,虎牙第一蛮王,虎牙第一蛮王
2866951,"2016-08-03 21:26:51",nny1023,73274903,lol,虎牙第一蛮王,虎牙第一蛮王
2861634,"2016-08-03 14:11:48",1681435395yy,1499312947,ls,魔法之风,"防那么多 结果一个都没"
2861524,"2016-08-03 14:06:37",1681435395yy,1499312947,ls,魔法之风,火妖冰箭完美解场
2866695,"2016-08-03 21:12:39",a13155773693,961825702,lol,江西迟到王：董月月,"董月月：能杀我 我吃屎"
2866737,"2016-08-03 21:14:36",a13155773693,961825702,lol,江西迟到王：董月月,董月月五杀KASS
2867044,"2016-08-03 21:38:48",xiaoyuncenqinglin,1423288478,lol,国服第一狮子狗-小跟班-90035,国服第一狮子狗-小跟班
2861723,"2016-08-03 14:17:34",weixiao5430,7959074,mc,五之歌,五歌大展歌喉！萌萌哒~
2864775,"2016-08-03 17:52:52",shousuliu90110,1228572917,lol,手速流：盲僧一秒牙踢碎全区到大师送粉丝,手速流直播看妹戴假发
2864826,"2016-08-03 17:54:39",shousuliu90110,1228572917,lol,手速流：盲僧一秒牙踢碎全区到大师送粉丝,"老司机手速流发福利 珍藏多年的福利图"
2866577,"2016-08-03 21:02:25",chouchang7758,61316727,lol,青春-天下第一AP牛盲僧,青春-天下第一AP牛盲僧
2866883,"2016-08-03 21:21:51",zjz1987528,63707351,lol,国服第一锐雯-风神,国服第一锐雯-风神
2866525,"2016-08-03 20:58:29",zt1097366016,1106530877,lol,进击的空老师,进击的空老师
2866606,"2016-08-03 21:06:20",,900821317,lol,"90077騒男 100%胜率男刀",好燃的骚男！！！
2866628,"2016-08-03 21:09:16",,900821317,lol,"90077騒男 100%胜率男刀","骚男秒入3000RMB 好壕"
2866660,"2016-08-03 21:11:14",,900821317,lol,"90077騒男 100%胜率男刀","90077騒男 100%胜率男刀"
2865176,"2016-08-03 18:38:59",brv62857,558802298,kan,R&D,R&D
2865175,"2016-08-03 18:38:13",brv62857,558802298,kan,R&D,R&D六六喊麦
2866434,"2016-08-03 20:43:14",q13730706768,1018835843,lol,JQK.旧梦,据说这个走位很无敌
2870750,"2016-08-04 11:20:15",1346554702yy,1235605259,lol,兽王.国服第一诺手,"死了还被队友嘲讽 惨！"
2866495,"2016-08-03 20:53:17",nioukewudi,477393888,lol,90010-西门孔子,西门孔子差点五杀好可惜
2866317,"2016-08-03 20:25:52",1639423385yy,1466346678,lol,Miss大小姐的直播间,"Miss笑成这样 若风很担心"
2866353,"2016-08-03 20:29:42",1639423385yy,1466346678,lol,Miss大小姐的直播间,"Miss遇演员很生气 霸气退游戏挂机"
2866381,"2016-08-03 20:34:46",1639423385yy,1466346678,lol,Miss大小姐的直播间,"MISS直播喷喷子 “你全家都是心机婊”"
2870603,"2016-08-04 11:05:51",y809118512,448323721,lol,95%胜率武器大师二师兄.YY90666,二师兄被拔网线
2870610,"2016-08-04 11:06:40",y809118512,448323721,lol,95%胜率武器大师二师兄.YY90666,虎牙二师兄武器大师五杀
2870060,"2016-08-04 10:17:58",chuhengfeier,1503332370,lol,最彪德莱文90818-BB文,最彪德莱文90818-BB文
2870062,"2016-08-04 10:18:04",chuhengfeier,1503332370,lol,最彪德莱文90818-BB文,最彪德莱文90818-BB文
2870064,"2016-08-04 10:19:22",chuhengfeier,1503332370,lol,最彪德莱文90818-BB文,最彪德莱文90818-BB文
2863260,"2016-08-03 16:05:06",weiwei672349979,618378372,df,AzZ丶小炜,AzZ丶小炜15荒古巨红眼1发血爆秒杀火山BOSS
2863214,"2016-08-03 16:02:20",weiwei672349979,618378372,df,AzZ丶小炜,AzZ丶小炜5%12增幅卷SS火强石随意上12
2863148,"2016-08-03 15:57:58",weiwei672349979,618378372,df,AzZ丶小炜,AzZ丶小炜魔枪惊天人品一发罐子出真男人！
2863192,"2016-08-03 15:59:27",weiwei672349979,618378372,df,AzZ丶小炜,小炜火强魔枪逆天人品一发罐子出50火强石头
2866524,"2016-08-03 20:57:25",qq645955789,15862445,lol,10分钟不超神剁手-90009阿雨,10分钟不超神剁手-90009阿雨
2863383,"2016-08-03 16:13:30",1313214123yy,1209333813,df,666-仇东升,666-仇东升华丽连招对战高分弹药一直连到死
2863361,"2016-08-03 16:10:39",1313214123yy,1209333813,df,666-仇东升,666-仇东升轻松干翻高分段冰洁
2866390,"2016-08-03 20:37:39",xuexin525,4270838,lol,雪儿：久伴不离，右键关注Ta,"雪儿实力1V4 四杀女警"
2861901,"2016-08-03 14:32:33",1681435395yy,1499312947,ls,魔法之风,螺丝射门！！！！
2861416,"2016-08-03 14:01:12",1681435395yy,1499312947,ls,魔法之风,竟敢下死亡之翼？！
2861481,"2016-08-03 14:04:28",1681435395yy,1499312947,ls,魔法之风,这螺丝能控制的！
2861507,"2016-08-03 14:05:22",1681435395yy,1499312947,ls,魔法之风,竞技场都能那么不讲道理的。。
2866065,"2016-08-03 20:03:10",liu754633817,985588942,lol,9oo66丶柳柳,柳柳需要你们的守护
2866133,"2016-08-03 20:09:24",lolxianfan,630731013,lol,虎牙直播丶仙凡,仙凡SOLO输送2000点劵
2870088,"2016-08-04 10:24:34",b27752435,58879237,lol,90001.诡诈,诡诈的100种死法之小兵
2866197,"2016-08-03 20:16:47",qq498393044,1244004293,lol,90077-tata,TATA骚话连篇
2866221,"2016-08-03 20:17:12",qq498393044,1244004293,lol,90077-tata,TATA骚话连篇
2870781,"2016-08-04 11:25:50",yu3936139182006,156184714,lol,90001-思念,思念专业偷家蛮王
2866833,"2016-08-03 21:18:08",sinistersk,648442697,lol,国服第一剑姬-可乐,"王者局19/4 服不服"
2865140,"2016-08-03 18:29:44",wocaonidadann,895332955,kan,AzZ丶骚俊,AzZ丶骚俊
2865128,"2016-08-03 18:27:52",wocaonidadann,895332955,kan,AzZ丶骚俊,AzZ丶骚俊直播日墙
2866145,"2016-08-03 20:10:58",paoxiaofu222,983855856,lol,新浪微博：lol陆雪琪,女神陆雪琪生气的样子
2866168,"2016-08-03 20:12:19",paoxiaofu222,983855856,lol,新浪微博：lol陆雪琪,女神陆雪琪生气的样子
2865162,"2016-08-03 18:35:09",qvym887256,1075804701,kan,R&D-舞林萌主。艾米,R&D-舞林萌主。艾米
2865160,"2016-08-03 18:34:02",qvym887256,1075804701,kan,R&D-舞林萌主。艾米,R&D-舞林萌主。艾米
2865150,"2016-08-03 18:33:00",qvym887256,1075804701,kan,R&D-舞林萌主。艾米,R&D-舞林萌主。艾米唱歌好好听呀
2865121,"2016-08-03 18:26:43",wocaonidadann,895332955,kan,AzZ丶骚俊,AzZ丶骚俊
2865108,"2016-08-03 18:23:35",wocaonidadann,895332955,kan,AzZ丶骚俊,AzZ丶骚俊
2865105,"2016-08-03 18:22:18",wocaonidadann,895332955,kan,AzZ丶骚俊,AzZ丶骚俊唱情歌
2866236,"2016-08-03 20:19:51",dongxiaosazhibo1,500066171,lol,TCS丶董导,董导三兰顿薇恩
2866273,"2016-08-03 20:22:42",dongxiaosazhibo1,500066171,lol,TCS丶董导,宁波鸽子王生日强行打广告
2866287,"2016-08-03 20:23:44",dongxiaosazhibo1,500066171,lol,TCS丶董导,宁波酱油王
2866100,"2016-08-03 20:06:54",s505113102,707403637,lol,王者强，,王者强告诉你什么叫细节
2871048,"2016-08-04 11:52:55",lylvoe2818,922143035,lol,90010最吸引喷子的盲僧,"发信号开团 发现没大招"
2864217,"2016-08-03 17:11:16",qq784444622,886574870,df,AzZ丶雷锋,雷锋-雷剑剑魂几乎满血虐杀2200分元素！
2871029,"2016-08-04 11:51:53",paoxiaofu222,983855856,lol,新浪微博：lol陆雪琪,新浪微博：lol陆雪琪
2864644,"2016-08-03 17:43:23",sssaaa211,59000470,lol,蛇哥CoLiN~职业联赛解说,背锅侠CoLiN
2864643,"2016-08-03 17:43:31",sssaaa211,59000470,lol,蛇哥CoLiN~职业联赛解说,蛇哥CoLiN~职业联赛解说
2865063,"2016-08-03 18:14:34",yui090120,562409422,kan,592-Zero,592-Zero
2863906,"2016-08-03 16:47:47",a1151947228,172162826,df,AzZ丶小古子,小古子活动强化器上鱼王失败！怒肛12强化卷
2863580,"2016-08-03 16:27:32",qq347147159,311913984,df,AzZ丶狂人(90581)荧光棒,童话红眼号碾压能源，一发血剑就秒BOSS
2863639,"2016-08-03 16:33:28",qq347147159,311913984,df,AzZ丶狂人(90581)荧光棒,"童话红眼号碾压黑雾 平X砍死吞噬魔血爆秒BOSS"
2863603,"2016-08-03 16:31:24",qq347147159,311913984,df,AzZ丶狂人(90581)荧光棒,"童话红眼号 2发血爆强杀火山BOSS"
2863696,"2016-08-03 16:37:18",qq347147159,311913984,df,AzZ丶狂人(90581)荧光棒,"童话红眼号 日常速刷震撼大地"
2863548,"2016-08-03 16:25:03",qq347147159,311913984,df,AzZ丶狂人(90581)荧光棒,AzZ丶狂人(90581)荒古巨红眼携30黄字手灭杀擎天
2864205,"2016-08-03 17:05:58",qq784444622,886574870,df,AzZ丶雷锋,雷锋黑灯管剑魂戏耍虐杀男漫游
2864196,"2016-08-03 17:03:30",qq784444622,886574870,df,AzZ丶雷锋,雷锋怒开斗兽场罐子
2864157,"2016-08-03 17:00:12",qq784444622,886574870,df,AzZ丶雷锋,雷锋手搓剑魂PK碾压小萝莉元素
2864035,"2016-08-03 16:53:57",qq784444622,886574870,df,AzZ丶雷锋,雷锋手搓剑魂血战冥炎刀红神
2870454,"2016-08-04 10:50:03",a546178708,476629970,lol,亚索最暴力教学90010奥贝罗亚索导师,"奥贝罗兄弟在哪里 进来扣波6"
2870455,"2016-08-04 10:50:20",a546178708,476629970,lol,亚索最暴力教学90010奥贝罗亚索导师,亚索最暴力教学90010奥贝罗亚索导师
2870456,"2016-08-04 10:50:42",a546178708,476629970,lol,亚索最暴力教学90010奥贝罗亚索导师,亚索最暴力教学90010奥贝罗亚索导师
2870472,"2016-08-04 10:51:06",a546178708,476629970,lol,亚索最暴力教学90010奥贝罗亚索导师,亚索最暴力教学90010奥贝罗亚索导师
2866182,"2016-08-03 20:14:57",duying149,14784523,lol,90666-梓童：3000荧光棒解新姿,作死2个字怎么写
2870501,"2016-08-04 10:53:35",gaoshoudaren2,107524968,lol,黑店百地,黑店百地船长单挑大后期武器
2864881,"2016-08-03 17:59:55",yui090120,562409422,kan,592-Zero,592-Zero
2864882,"2016-08-03 17:59:28",yui090120,562409422,kan,592-Zero,老司机开车辣
2864861,"2016-08-03 17:57:44",yui090120,562409422,kan,592-Zero,用数据线摩擦摩擦屁股，这是最骚的
2870547,"2016-08-04 10:57:43",c65176554,7983525,lol,4878小D,小D狗头上路1刚2
2870520,"2016-08-04 10:55:47",a644955857,353806353,lol,虎牙第一打野剑圣,虎牙第一打野剑圣
2866089,"2016-08-03 20:05:40",pcw1133,214631073,lol,国服第一上单机器,国服第一上单机器惨遭偷家
2866542,"2016-08-03 20:59:38",b755403467,1016578758,lol,新浪微博：芜湖神丶,心里只有女粉丝的芜湖神丶
2866556,"2016-08-03 21:00:47",b755403467,1016578758,lol,新浪微博：芜湖神丶,芜湖神的智商...
2870521,"2016-08-04 10:55:32",a644955857,353806353,lol,虎牙第一打野剑圣,歌单时间
2870529,"2016-08-04 10:56:09",a644955857,353806353,lol,虎牙第一打野剑圣,虎牙第一打野剑圣
2870425,"2016-08-04 10:48:56",chinazhangtaotao,967933555,lol,90017智障涛:盖伦是一种信仰！,智障涛五杀信仰盖伦
2870844,"2016-08-04 11:34:30",sunmengbo1,100523075,lol,小战,小战
2870849,"2016-08-04 11:35:24",sunmengbo1,100523075,lol,小战,小战
2870776,"2016-08-04 11:24:11",doyouknow999,662473019,lol,YY最强锤石-90010二狗蛋,辅助的使命=陪着ADC死
2870838,"2016-08-04 11:32:48",sunmengbo1,100523075,lol,小战,"2波大招 毛都没赚到"
2871031,"2016-08-04 11:51:12",paoxiaofu222,983855856,lol,新浪微博：lol陆雪琪,打字不说话的陆雪琪也很萌啊
2871030,"2016-08-04 11:51:37",paoxiaofu222,983855856,lol,新浪微博：lol陆雪琪,新浪微博：lol陆雪琪
2875363,"2016-08-04 18:24:32",lruva6275975,1075252661,kan,R&D-苏悦,R&D-苏悦
2875349,"2016-08-04 18:23:40",lruva6275975,1075252661,kan,R&D-苏悦,R&D-苏悦献唱《能不能》
2871764,"2016-08-04 14:09:16",gaoshoudaren2,107524968,lol,黑店百地,黑店百地霸气巨魔
2872217,"2016-08-04 14:30:46",doyouknow999,662473019,lol,YY最强锤石-90010二狗蛋,YY最强锤石秀薇恩
2873978,"2016-08-04 16:32:52",a353938990,14995132,lol,电一王者奥拉夫90077极限,极限奥拉夫单杀男枪
2871945,"2016-08-04 14:18:06",qwe778513,1494640921,lol,波比斌-这个波比斌很强势~,波比斌爆炸时刻2016/8/4
2873989,"2016-08-04 16:36:36",gey975080711,353092095,lol,虎牙第一盲僧,不作死A红BUFF就完美了
2872177,"2016-08-04 14:28:35",1141985320yy,1075366402,lol,90077羊妹妹,猜猜羊妹妹的真实段位
2873907,"2016-08-04 16:24:09",as18774833540,952507306,lol,90010-大包子-表情包,石头人也不是好惹的
2873917,"2016-08-04 16:25:19",as18774833540,952507306,lol,90010-大包子-表情包,主播大跳大象舞
2873793,"2016-08-04 16:12:20",tracy920576156,62424187,lol,90010薇儿,这卢锡安秀走位轻取三杀
2873819,"2016-08-04 16:14:50",tracy920576156,62424187,lol,90010薇儿,主播薇儿唱《演员》
2872506,"2016-08-04 14:46:59",ziyexi0003,390711476,lol,童话王者排位1200胜点,"童话你乱说 哪里又黄又暴力了（哈哈哈）"
2873930,"2016-08-04 16:26:26",pengzai3333,148207670,lol,咔咔-五百移速AP蛮王,大哥你是做好背锅的准备了么
2873987,"2016-08-04 16:35:25",chenhanlian1234,1104958079,lol,4878丶柯南,这大龙白抢了...
2873619,"2016-08-04 15:56:01",hml13669429922,1009333046,lol,拉风龙,拉风龙人马五杀（龙哥越看越像光头强）
2873630,"2016-08-04 15:56:57",hml13669429922,1009333046,lol,拉风龙,人马2打5拿五杀
2873721,"2016-08-04 16:05:40",a260931007,171423073,lol,JQK.旋律,这声音很性感...
2873986,"2016-08-04 16:35:02",1315598524yy,1211612188,lol,第一无伤打野老鼠90010小鑫,小鑫用大招GANK
2873963,"2016-08-04 16:30:03",nuonuo90001,1553509808,lol,90001-諾Nuo,钩空了还怪别人
2873964,"2016-08-04 16:30:45",nuonuo90001,1553509808,lol,90001-諾Nuo,这才是亲妈啊
2872271,"2016-08-04 14:33:55",wen284211345,1026868784,lol,新浪微博：虎牙TV叫我官人丶,"就是跳舞嘲讽 你打我啊"
2873891,"2016-08-04 16:22:20",fengyang11,184686942,lol,90010小祸水,你觉得这闪现是故意的么？
2873295,"2016-08-04 15:37:58",shaoliufei521,1205087020,lol,90494-飞飞,"皇子一大招套四个 轻松收入四杀"
2872690,"2016-08-04 15:01:03",xuanxuan199243,367138632,lol,卡尔,赵信应该怎么玩？
2872704,"2016-08-04 15:03:42",xuanxuan199243,367138632,lol,卡尔,现在说对不起已经太慢了
2872709,"2016-08-04 15:04:27",xuanxuan199243,367138632,lol,卡尔,蒙多：这套路我见多了！
2873437,"2016-08-04 15:45:38",qq526303078,62339845,lol,叶子,亚索高地肆虐1V4
2872648,"2016-08-04 14:58:26",denglutangzhan2,960812175,lol,虎牙第一亚索,说好的面对疾风呢？
2872294,"2016-08-04 14:34:57",wen284211345,1026868784,lol,新浪微博：虎牙TV叫我官人丶,主播献唱DJ版《大海》
2871630,"2016-08-04 13:57:17",a13155773693,961825702,lol,江西迟到王：董月月,主播的歌声有点蠢萌蠢萌的
2873277,"2016-08-04 15:36:49",qw13591226290,60662538,lol,King-第一亚索,"这次玩大了吧 把队友也搭进去了"
2871536,"2016-08-04 13:39:18",,900821317,lol,"90077騒男 100%胜率男刀",LOL界的灵魂画师骚男
2873461,"2016-08-04 15:46:31",xxt7758521147,965293866,df,９ｏ６６８,"冰魄强化13封装释魂光剑 一言不合就上13"
2872597,"2016-08-04 14:54:15",cannababy123,1173712383,lol,90518-沙拉，36D素颜女亚索,"主播比武招亲 猜猜最后谁赢了"
2871975,"2016-08-04 14:20:23",nny1023,73274903,lol,虎牙第一蛮王,"人马五杀被抢 主播已气炸"
2872024,"2016-08-04 14:22:40",1681435395yy,1499312947,ls,魔法之风,"他的确没奉献 但有……"
2871616,"2016-08-04 13:51:34",1681435395yy,1499312947,ls,魔法之风,哦~我的丁丁~
2873322,"2016-08-04 15:39:30",weiwei672349979,618378372,df,AzZ丶小炜,小炜红眼号单刷RAID黑雾
2873417,"2016-08-04 15:44:01",weiwei672349979,618378372,df,AzZ丶小炜,小炜混元套蓝拳号直播安图恩SS罐子
2873361,"2016-08-04 15:41:05",weiwei672349979,618378372,df,AzZ丶小炜,小炜15荒古光剑魂几刀强杀RAID火山
2873274,"2016-08-04 15:36:10",weiwei672349979,618378372,df,AzZ丶小炜,小炜武神号1脚踢爆20人能源
2873259,"2016-08-04 15:35:08",weiwei672349979,618378372,df,AzZ丶小炜,小炜幽魂基柔多段8个9瞬秒RAID能源
2873234,"2016-08-04 15:33:23",chuhengfeier,1503332370,lol,最彪德莱文90818-BB文,德莱文残血大反杀
2873034,"2016-08-04 15:23:01",yy_edg01,1324273199,lol,EDG丶Koro1,Koro1卢锡安三杀锁定胜局
2885468,"2016-08-05 16:56:53",yy_edg01,1324273199,lol,EDG丶Koro1,Koro1这蓝抢的出乎预料
2885552,"2016-08-05 17:01:11",yy_edg01,1324273199,lol,EDG丶Koro1,"Koro1卢锡安对拼大嘴 差点就输了"
2872324,"2016-08-04 14:36:29",xiaoyuncenqinglin,1423288478,lol,国服第一狮子狗-小跟班-90035,主播你确定真的没有关系么？
2872145,"2016-08-04 14:26:09",zouzxhabcqwe,18600986,lol,最强AKL没有之一,阿卡丽一挑五越塔传送五杀
2872989,"2016-08-04 15:20:03",yy_edg01,1324273199,lol,EDG丶Koro1,Koro1：吓死我了！差点被蛤蟆打死
2883158,"2016-08-05 14:20:50",1681435395yy,1499312947,ls,魔法之风,"屠龙宝刀 就不信你是挡刀"
2871608,"2016-08-04 13:49:53",1681435395yy,1499312947,ls,魔法之风,谁会去防盗贼的呼啦
2873573,"2016-08-04 15:52:37",b27752435,58879237,lol,90001.诡诈,蓝被抢了命也搭上了...
2871802,"2016-08-04 14:11:25",zjz1987528,63707351,lol,国服第一锐雯-风神,国服第一锐雯-风神
2872243,"2016-08-04 14:31:12",zenghui092,59277928,lol,兔子,难道不是按F回城么
2871576,"2016-08-04 13:44:33",,900821317,lol,"90077騒男 100%胜率男刀",8点血惊险双杀
2871577,"2016-08-04 13:48:19",,900821317,lol,"90077騒男 100%胜率男刀",骚男，大招也是有时间的...
2871610,"2016-08-04 13:50:48",,900821317,lol,"90077騒男 100%胜率男刀",可恶啊！菜的抠脚
2871611,"2016-08-04 13:50:20",,900821317,lol,"90077騒男 100%胜率男刀",弟弟快舔他！
2874874,"2016-08-04 17:39:50",biudaoyan900,1006448027,tv,〃Style﹏?　导　演〖９０３２７〗,〃Style﹏?　导　演〖９０３２７〗：一个有毒的竞速图
2871619,"2016-08-04 13:54:17",q1q1466a,1016686157,lol,JQK.77,这笑声好诡异
2871842,"2016-08-04 14:14:48",z15944412582,1454145281,lol,世界第一盲僧,盲僧踢翻全场轻取五杀
2871317,"2016-08-04 12:19:56",zt1097366016,1106530877,lol,进击的空老师,"烟掉进裤裆里 心疼主播"
2872741,"2016-08-04 15:08:58",wuchen921119,551070471,df,６ｏ９亡誓,亡誓剑魂号怒切震撼大地
2873888,"2016-08-04 16:21:54",whazh13141314,10895178,tv,〃Style﹏?　贱,〃Style﹏?　贱：赛车比赛开始前选手竟大打出手
2873908,"2016-08-04 16:24:48",whazh13141314,10895178,tv,〃Style﹏?　贱,〃Style﹏?　贱：作弊主播作死开飞机
2871617,"2016-08-04 13:53:44",1681435395yy,1499312947,ls,魔法之风,我来个那个AOE吧~
2871974,"2016-08-04 14:20:35",1681435395yy,1499312947,ls,魔法之风,3费法师也能66范~~
2871185,"2016-08-04 12:03:36",chouchang7758,61316727,lol,青春-天下第一AP牛盲僧,金克丝免费送车票回家~
2870084,"2016-08-04 10:23:48",weixiao5430,7959074,mc,五之歌,五歌连续三次‘脚滑’……开启抓狂模式
2870069,"2016-08-04 10:20:31",weixiao5430,7959074,mc,五之歌,回答了粉丝问关于大橙子的问题，五歌掉虚空了
2870057,"2016-08-04 10:16:49",weixiao5430,7959074,mc,五之歌,五歌最怕的事情发生了
2870043,"2016-08-04 10:14:08",weixiao5430,7959074,mc,五之歌,五之歌脚滑，信仰跳跃失败狗带了
2872505,"2016-08-04 14:46:12",aa763304151,80567762,df,AzZ丶苏澈,"苏澈荒古短红眼30爆伤戒指 血爆抓头秒擎天"
2872703,"2016-08-04 15:03:53",wuchen921119,551070471,df,６ｏ９亡誓,亡誓黑骑号带队秒杀RAID能源
2872649,"2016-08-04 14:58:47",wuchen921119,551070471,df,６ｏ９亡誓,亡誓赵云号带队8个9瞬秒RAID黑雾
2872600,"2016-08-04 14:55:56",wuchen921119,551070471,df,６ｏ９亡誓,亡誓魔枪号12青铜卷增幅幽魂上衣成功
2873245,"2016-08-04 15:34:47",chuhee1,294636272,tv,〃Style﹏?　楚　河〖９０３２７〗,〃Style﹏?　楚　河〖９０３２７〗：直播调戏妹子
2871152,"2016-08-04 11:59:32",1346554702yy,1235605259,lol,兽王.国服第一诺手,万万没想到啊！草里来了个基佬潘森
2871032,"2016-08-04 11:51:13",lolxianfan,630731013,lol,虎牙直播丶仙凡,"仙凡跟水友solo 现场送点卷"
2873201,"2016-08-04 15:30:17",a4527295,324984163,lol,最强猴子盖伦90010阿伟,"神级闪现 我彻底跪了"
2871660,"2016-08-04 14:04:13",nioukewudi,477393888,lol,90010-西门孔子,西门剑姬极限秀场拿三杀
2870005,"2016-08-04 10:11:04",weixiao5430,7959074,mc,五之歌,五歌变声版唱歌，有点逗2333
2869975,"2016-08-04 10:08:27",weixiao5430,7959074,mc,五之歌,萌萌哒五歌给小伙伴们唱歌啦~
2870976,"2016-08-04 11:43:53",b755403467,1016578758,lol,新浪微博：芜湖神丶,中国好主播----芜湖神
2871015,"2016-08-04 11:48:47",q13730706768,1018835843,lol,JQK.旧梦,"寒冰精妙走A 四杀收入囊中"
2872566,"2016-08-04 14:50:59",qq1073536743,177375827,df,AzZ丶傲-范百亿（5801）,AzZ丶傲-范百亿教你治扫拍卖的商人
2873055,"2016-08-04 15:23:36",1313214123yy,1209333813,df,666-仇东升,达人鬼泣被高手女漫虐杀
2873160,"2016-08-04 15:27:06",1313214123yy,1209333813,df,666-仇东升,仇东升魔道轻松取胜高分女漫游
2873185,"2016-08-04 15:29:37",1313214123yy,1209333813,df,666-仇东升,仇东升魔道对战高分段力法轻松虐杀
2871128,"2016-08-04 11:56:20",qq1025237297,380073577,lol,90001-涛哥,我相信主播只是按错了
2870692,"2016-08-04 11:11:18",pcw1133,214631073,lol,国服第一上单机器,这个E跳得我彻底折服了！
2872392,"2016-08-04 14:41:20",a546178708,476629970,lol,亚索最暴力教学90010奥贝罗亚索导师,奥贝罗爆炸时刻08/04
2872453,"2016-08-04 14:44:18",a546178708,476629970,lol,亚索最暴力教学90010奥贝罗亚索导师,亚索最暴力教学90010奥贝罗亚索导师
2872144,"2016-08-04 14:26:03",sunmengbo1,100523075,lol,小战,小战好污啊
2872143,"2016-08-04 14:26:21",sunmengbo1,100523075,lol,小战,小战
2870791,"2016-08-04 11:27:57",dongxiaosazhibo1,500066171,lol,TCS丶董导,说好的三连桶呢？
2870826,"2016-08-04 11:30:13",dongxiaosazhibo1,500066171,lol,TCS丶董导,吓得我都闪现撞墙了
2873618,"2016-08-04 15:55:15",a1151947228,172162826,df,AzZ丶小古子,小古子深渊又出货了，黄金套漫游怒出星云
2871893,"2016-08-04 14:16:43",chinazhangtaotao,967933555,lol,90017智障涛:盖伦是一种信仰！,【智障涛逗比时刻】闪现撞墙
2872971,"2016-08-04 15:19:01",1313214123yy,1209333813,df,666-仇东升,仇东升魔道轻松PK高分漫游
2872897,"2016-08-04 15:16:05",1313214123yy,1209333813,df,666-仇东升,仇东升魔道PK对战高分段漫游
2872756,"2016-08-04 15:11:57",1313214123yy,1209333813,df,666-仇东升,抛沙亮PK漫游玩猥琐
2875323,"2016-08-04 18:19:39",junchenggs16,1481941356,kan,2938-胡老師,2938-胡老師
2875285,"2016-08-04 18:15:48",junchenggs16,1481941356,kan,2938-胡老師,2938-胡老師
2875247,"2016-08-04 18:13:19",junchenggs16,1481941356,kan,2938-胡老師,"2938-胡老師来了一首BAD GIRL"
2870999,"2016-08-04 11:47:07",yy476384081,363448252,lol,灭世冷漠,让我抽根事后烟冷静冷静...
2870602,"2016-08-04 11:05:32",gongzigehsj,2328321,lol,迷人,薇恩轻松五杀
2871258,"2016-08-04 12:10:20",qq645955789,15862445,lol,10分钟不超神剁手-90009阿雨,主播说好的剁手呢？
2870660,"2016-08-04 11:09:34",qq498393044,1244004293,lol,90077-tata,在这聊这种话题真的好么？
2873674,"2016-08-04 16:00:58",wytao555,90063873,tv,〃Style﹏?　孤　寂〖大神?主播〗,〃Style﹏?　孤　寂〖大神?主播〗：女汉子路遇抢劫愤而自杀
2870987,"2016-08-04 11:45:45",duying149,14784523,lol,90666-梓童：3000荧光棒解新姿,一首木木之歌送给大家（女声优梓潼）
2872451,"2016-08-04 14:43:11",a546178708,476629970,lol,亚索最暴力教学90010奥贝罗亚索导师,奥贝罗
2871132,"2016-08-04 11:57:24",xuexin525,4270838,lol,雪儿：久伴不离，右键关注Ta,锐雯手起刀落取四杀
2875424,"2016-08-04 18:30:12",yui090120,562409422,kan,592-Zero,592-Zero
2875415,"2016-08-04 18:29:15",yui090120,562409422,kan,592-Zero,592-Zero
2875388,"2016-08-04 18:26:32",yui090120,562409422,kan,592-Zero,"592-Zero 挂科的时候怎么办"
2874098,"2016-08-04 16:40:22",qq498393044,1244004293,lol,90077-tata,美女Tata竟然没辅助
2870777,"2016-08-04 11:24:03",dongxiaosazhibo1,500066171,lol,TCS丶董导,"弱鸡哥这R闪 简直感动哭我了"
2870848,"2016-08-04 11:35:20",dongxiaosazhibo1,500066171,lol,TCS丶董导,中国好演员----董弱鸡
2871657,"2016-08-04 14:02:48",nioukewudi,477393888,lol,90010-西门孔子,"西门上王者 畅谈梦想"
2874504,"2016-08-04 17:02:24",qq451271441,59966723,tv,〃Style﹏?　盖　子〖正式?主播〗,〃Style﹏?　盖　子〖正式?主播〗：听说这个竞速图很难
2870699,"2016-08-04 11:12:08",pcw1133,214631073,lol,国服第一上单机器,上单机器丝血反杀剑姬
2870907,"2016-08-04 11:39:03",liu754633817,985588942,lol,9oo66丶柳柳,粉丝都想变成这只狗狗
2885128,"2016-08-05 16:36:36",game17226,967499203,tv,小宇热游直播,带你感受《层层恐惧》
2872025,"2016-08-04 14:22:02",sunmengbo1,100523075,lol,小战,"三分钟就投降  小战一脸懵逼"
2870714,"2016-08-04 11:14:26",y809118512,448323721,lol,95%胜率武器大师二师兄.YY90666,酒桶这回头有点自信了...
2871801,"2016-08-04 14:11:06",zjz1987528,63707351,lol,国服第一锐雯-风神,国服第一锐雯-风神
2881665,"2016-08-05 12:04:09",pcw1133,214631073,lol,国服第一上单机器,20分钟5神装机器人
2870744,"2016-08-04 11:18:18",yu3936139182006,156184714,lol,90001-思念,哪里来的自信...
2881725,"2016-08-05 12:16:46",1315598524yy,1211612188,lol,第一无伤打野老鼠90010小鑫,五杀被抢好绝望
2881734,"2016-08-05 12:19:03",1315598524yy,1211612188,lol,第一无伤打野老鼠90010小鑫,第一无伤打野老鼠90010小鑫
2881735,"2016-08-05 12:20:26",1141985320yy,1075366402,lol,90077羊妹妹,羊妹妹安妮极限三杀
2870929,"2016-08-04 11:40:37",sinistersk,648442697,lol,国服第一剑姬-可乐,主播你怎么可以勾搭护士小妹妹~
2881607,"2016-08-05 11:50:59",lylvoe2818,922143035,lol,90010最吸引喷子的盲僧,9000粉丝陪阿裕一起通宵
2881721,"2016-08-05 12:14:14",a353938990,14995132,lol,电一王者奥拉夫90077极限,一级就是刚！
2884808,"2016-08-05 16:13:49",biudaoyan900,1006448027,tv,〃Style﹏?　导　演〖９０３２７〗,体验一把当老板的感觉
2883170,"2016-08-05 14:21:54",gey975080711,353092095,lol,虎牙第一盲僧,很秀的一波闪现撞墙
2881402,"2016-08-05 11:31:00",denglutangzhan2,960812175,lol,虎牙第一亚索,这是一波强杀？
2883554,"2016-08-05 14:55:58",xxt7758521147,965293866,df,９ｏ６６８,"９ｏ６６８冰魄幽魂红眼直播打黑雾 惨遭被虐"
2881538,"2016-08-05 11:44:02",shaoliufei521,1205087020,lol,90494-飞飞,这防御塔为什么就打我？
2881480,"2016-08-05 11:38:17",qw13591226290,60662538,lol,King-第一亚索,亚索一打三拿三杀
2883597,"2016-08-05 14:59:09",a1151947228,172162826,df,AzZ丶小古子,AzZ丶小古子搞笑解说完美里鬼战士打震撼
2881618,"2016-08-05 11:53:37",hml13669429922,1009333046,lol,拉风龙,拉风龙五杀拿到手软
2884717,"2016-08-05 16:07:56",xuanxuan199243,367138632,lol,卡尔,神奇一幕~塔自己没了
2882533,"2016-08-05 13:47:03",1391089114yy,1271256459,ls,安德罗妮丶,螺丝不想看我投降
2882523,"2016-08-05 13:46:29",1391089114yy,1271256459,ls,安德罗妮丶,"神抽的螺丝 就是准"
2882555,"2016-08-05 13:48:16",1391089114yy,1271256459,ls,安德罗妮丶,"8月初渡劫传说 直接30名！"
2881504,"2016-08-05 11:42:07",chuhengfeier,1503332370,lol,最彪德莱文90818-BB文,天了噜！残血也能三杀
2883119,"2016-08-05 14:17:15",tracy920576156,62424187,lol,90010薇儿,薇儿五杀女警
2882626,"2016-08-05 13:51:06",chenhanlian1234,1104958079,lol,4878丶柯南,柯南盲僧算脚步预判Q
2882651,"2016-08-05 13:52:14",chenhanlian1234,1104958079,lol,4878丶柯南,柯南皇子EQ几何闪
2883159,"2016-08-05 14:20:54",as18774833540,952507306,lol,90010-大包子-表情包,大包子螳螂五杀
2884389,"2016-08-05 15:41:39",cuizejian4234,1048450049,mc,90807丶虎牙马桶c,信仰之跃一次成功！
2884178,"2016-08-05 15:34:58",cuizejian4234,1048450049,mc,90807丶虎牙马桶c,在要撑死之前，马桶大大跑酷终于成功了
2884135,"2016-08-05 15:32:06",cuizejian4234,1048450049,mc,90807丶虎牙马桶c,马桶竟然有女儿？！
2884100,"2016-08-05 15:29:49",cuizejian4234,1048450049,mc,90807丶虎牙马桶c,跑酷失败，又作弊啦~
2884039,"2016-08-05 15:25:48",cuizejian4234,1048450049,mc,90807丶虎牙马桶c,"马桶的辣条聚会 最后竟然不堪……自杀？！"
2881370,"2016-08-05 11:26:16",zouzxhabcqwe,18600986,lol,最强AKL没有之一,"拆水晶大战 五个拆不过一个？"
2884449,"2016-08-05 15:45:38",dhhsgdhra,98875165,tv,90088-花教授〖爱拍红人〗,GTA5：这个图6666
2880915,"2016-08-05 10:45:09",ziyexi0003,390711476,lol,童话王者排位1200胜点,扇子妈这一炮猝不及防
2882509,"2016-08-05 13:44:37",1391089114yy,1271256459,ls,安德罗妮丶,导演一张牌都不留给我
2882686,"2016-08-05 13:54:13",1391089114yy,1271256459,ls,安德罗妮丶,导演你为何要回来
2882687,"2016-08-05 13:54:42",1391089114yy,1271256459,ls,安德罗妮丶,"给个大的 给个大的"
2882747,"2016-08-05 13:56:12",1391089114yy,1271256459,ls,安德罗妮丶,这解牌要不要那么稳
2882777,"2016-08-05 13:59:24",1391089114yy,1271256459,ls,安德罗妮丶,这拼点的运气……
2881457,"2016-08-05 11:34:23",xuanxuan199243,367138632,lol,卡尔,一本正经地胡说八道
2884845,"2016-08-05 16:16:40",xuanxuan199243,367138632,lol,卡尔,《你画我猜》这哪里像精卫了
2881609,"2016-08-05 11:51:37",qq526303078,62339845,lol,叶子,精准预判落点塔下强杀
2873738,"2016-08-04 16:07:05",wytao555,90063873,tv,〃Style﹏?　孤　寂〖大神?主播〗,〃Style﹏?　孤　寂〖大神?主播〗：女汉子过图
2873776,"2016-08-04 16:10:22",wytao555,90063873,tv,〃Style﹏?　孤　寂〖大神?主播〗,〃Style﹏?　孤　寂〖大神?主播〗：女汉子自杀路上不忘害死两个
2874026,"2016-08-04 16:38:09",game17226,967499203,tv,小宇热游直播,小宇热游直播:虐心空中竞速图
2881337,"2016-08-05 11:22:31",nny1023,73274903,lol,虎牙第一蛮王,被红打死有点尴尬
2874448,"2016-08-04 16:58:45",ggq2xgmuesd,1015041894,tv,〃Style﹏?　宝　哥〖大叔?主播〗,"〃Style﹏?　宝　哥〖大叔?主播〗人生没有过不去的坎 但是游戏有..."
2874658,"2016-08-04 17:24:06",ggq2xgmuesd,1015041894,tv,〃Style﹏?　宝　哥〖大叔?主播〗,"〃Style﹏?　宝　哥〖大叔?主播〗 这笑声也是没sei了"
2881445,"2016-08-05 11:33:12",a4527295,324984163,lol,最强猴子盖伦90010阿伟,石头人这个大空的很艺术
2884632,"2016-08-05 16:00:52",wangwen10023456,332422221,5253wzry,疯狗,韩信1挑3，反杀后羿
2884669,"2016-08-05 16:03:41",wangwen10023456,332422221,5253wzry,疯狗,韩信击杀猴子后，极限逃生，可惜最后还是死在关羽的马蹄下
2886387,"2016-08-05 18:22:11",junchenggs16,1481941356,kan,2938-胡老師,胡老師唱情歌《爱笑的眼睛》
2886438,"2016-08-05 18:27:27",junchenggs16,1481941356,kan,2938-胡老師,胡老師唱《小幸运》
2886339,"2016-08-05 18:19:38",junchenggs16,1481941356,kan,2938-胡老師,胡老師热舞时刻
2886291,"2016-08-05 18:16:35",junchenggs16,1481941356,kan,2938-胡老師,胡老師《BangBang》热舞
2881390,"2016-08-05 11:29:47",xiaoyuncenqinglin,1423288478,lol,国服第一狮子狗-小跟班-90035,闪现又撞墙了（好尴尬）
2881404,"2016-08-05 11:30:10",xiaoyuncenqinglin,1423288478,lol,国服第一狮子狗-小跟班-90035,这个教学很给力
2881382,"2016-08-05 11:28:49",gongzigehsj,2328321,lol,迷人,卢锡安惊险双杀
2881258,"2016-08-05 11:13:33",qq1025237297,380073577,lol,90001-涛哥,事实证明越塔需谨慎啊
2880797,"2016-08-05 10:22:12",wen284211345,1026868784,lol,新浪微博：虎牙TV叫我官人丶,这个E来得刚刚好
2880782,"2016-08-05 10:20:53",wen284211345,1026868784,lol,新浪微博：虎牙TV叫我官人丶,做人不能太冲动...
2881314,"2016-08-05 11:19:47",a13155773693,961825702,lol,江西迟到王：董月月,震撼心灵的歌声
2881364,"2016-08-05 11:25:04",cannababy123,1173712383,lol,90518-沙拉，36D素颜女亚索,谁能告诉我这画的是什么生物？
2881348,"2016-08-05 11:24:12",q1q1466a,1016686157,lol,JQK.77,说好的两具尸体呢
2881334,"2016-08-05 11:21:29",zjz1987528,63707351,lol,国服第一锐雯-风神,锐雯抗塔强力五杀
2884265,"2016-08-05 15:37:15",ggq2xgmuesd,1015041894,tv,〃Style﹏?　宝　哥〖大叔?主播〗,当英语1级水平遇到歪果仁怎么办
2880826,"2016-08-05 10:25:49",,900821317,lol,"90077騒男 100%胜率男刀",骚男的超闷骚抠脚老忍者
2880839,"2016-08-05 10:28:18",,900821317,lol,"90077騒男 100%胜率男刀",骚男你确定你画的不是龙虾？
2880877,"2016-08-05 10:35:21",,900821317,lol,"90077騒男 100%胜率男刀",无敌的归零者
2880910,"2016-08-05 10:38:10",,900821317,lol,"90077騒男 100%胜率男刀",喝个水都不安分的骚男
2886185,"2016-08-05 18:03:17",sbww940812,817929720,kan,MyTh90005-阿娇,阿娇喊麦《刀山火海》
2886222,"2016-08-05 18:11:43",sbww940812,817929720,kan,MyTh90005-阿娇,阿娇的热舞时刻
2886193,"2016-08-05 18:06:34",sbww940812,817929720,kan,MyTh90005-阿娇,小吃货阿娇热舞
2886205,"2016-08-05 18:09:30",sbww940812,817929720,kan,MyTh90005-阿娇,阿娇SOLO《刀山火海》
2885908,"2016-08-05 17:34:35",qq745082326,486806573,kan,M·H,"橘夏听小晶唱《See you again》"
2881204,"2016-08-05 11:09:34",sunmengbo1,100523075,lol,小战,还好不是七杀必死
2881054,"2016-08-05 10:56:40",a644955857,353806353,lol,虎牙第一打野剑圣,这歌声感动的我想哭
2881292,"2016-08-05 11:16:23",zt1097366016,1106530877,lol,进击的空老师,天籁之音系列
2886163,"2016-08-05 17:57:53",suihua20800,197650003,kan,小姨妈丶,小姨妈献唱《房间》
2886104,"2016-08-05 17:49:48",suihua20800,197650003,kan,小姨妈丶,小姨妈翻唱《烟花易冷》
2886051,"2016-08-05 17:44:54",suihua20800,197650003,kan,小姨妈丶,小姨妈一言不合就唱起了《爸爸去哪儿》
2886025,"2016-08-05 17:43:00",suihua20800,197650003,kan,小姨妈丶,小姨妈献唱《那些年》
2883511,"2016-08-05 14:50:56",qq1073536743,177375827,df,AzZ丶傲-范百亿（5801）,AzZ丶傲-范百亿解说12黑铁增幅商机
2881189,"2016-08-05 11:07:40",xuexin525,4270838,lol,雪儿：久伴不离，右键关注Ta,斗个地主差点给队友坑
2881675,"2016-08-05 12:08:17",liu754633817,985588942,lol,9oo66丶柳柳,柳柳最讨厌胸大的女人
2880701,"2016-08-05 10:14:38",b755403467,1016578758,lol,新浪微博：芜湖神丶,不作死就不会死系列
2885997,"2016-08-05 17:39:42",xuexin525,4270838,lol,雪儿：久伴不离，右键关注Ta,雪儿：久伴不离，右键关注Ta
2885773,"2016-08-05 17:23:26",lruva6275975,1075252661,kan,R&D-苏悦,R&D-苏悦对着椅子就是一顿怼
2885834,"2016-08-05 17:27:02",lruva6275975,1075252661,kan,R&D-苏悦,R&D-苏悦跟灵柔玩成语接龙
2885402,"2016-08-05 16:51:02",paoxiaofu222,983855856,lol,新浪微博：lol陆雪琪,"不好意思 我就是来看你的脸的 还有其它..."
2883249,"2016-08-05 14:32:44",weiwei672349979,618378372,df,AzZ丶小炜,"小炜散搭火强关羽 挑战黑雾之源"
2883334,"2016-08-05 14:38:08",weiwei672349979,618378372,df,AzZ丶小炜,小炜15荒古巨红眼35秒碾压震撼大地
2883375,"2016-08-05 14:41:30",weiwei672349979,618378372,df,AzZ丶小炜,"小炜红眼号竞速黑色火山 强杀BOSS"
2883433,"2016-08-05 14:44:49",weiwei672349979,618378372,df,AzZ丶小炜,小炜红眼号日常碾压能源精彩片段
2883392,"2016-08-05 14:42:56",paoxiaofu222,983855856,lol,新浪微博：lol陆雪琪,"陆雪琪说她从不看片 你们信不信!"
2881619,"2016-08-05 11:53:49",gaoshoudaren2,107524968,lol,黑店百地,"黑店百地塔下1V3 三杀"
2881623,"2016-08-05 11:55:34",gaoshoudaren2,107524968,lol,黑店百地,黑店百地
2881629,"2016-08-05 11:57:11",gaoshoudaren2,107524968,lol,黑店百地,黑店百地
2885744,"2016-08-05 17:21:28",lruva6275975,1075252661,kan,R&D-苏悦,R&D-苏悦惩罚灵柔怼椅子
2885728,"2016-08-05 17:20:02",lruva6275975,1075252661,kan,R&D-苏悦,R&D-苏悦唱首小情歌献给观众~
2880926,"2016-08-05 10:50:34",yan617914692,993318750,lol,颜王瑞文：不止是光速QA,无奈被上高地（一神带不起四坑）
2881631,"2016-08-05 11:58:39",gaoshoudaren2,107524968,lol,黑店百地,"黑店百地小教学 剑圣W刷新普攻"
2881747,"2016-08-05 12:24:24",sinistersk,648442697,lol,国服第一剑姬-可乐,可乐王者局随便虐杀
2880952,"2016-08-05 10:51:50",s505113102,707403637,lol,王者强，,能做出这样的车也是人才
2885973,"2016-08-05 17:37:47",qq745082326,486806573,kan,M·H,橘夏去厕所~大黑唱战歌《我特么就是黑社会》
2886002,"2016-08-05 17:40:55",qq745082326,486806573,kan,M·H,"橘夏喊麦《一人两袖清风 》"
2885229,"2016-08-05 16:39:48",qq745082326,486806573,kan,M·H,橘夏唱《我就静静的看着你装逼》
2880568,"2016-08-05 10:07:38",nioukewudi,477393888,lol,90010-西门孔子,西门重回最强王者
2880598,"2016-08-05 10:09:07",nioukewudi,477393888,lol,90010-西门孔子,西门超高胜率重回最强王者
2890697,"2016-08-06 09:49:06",1391089114yy,1271256459,ls,安德罗妮丶,据说你要单挑死亡之翼？
2890604,"2016-08-06 09:38:29",1391089114yy,1271256459,ls,安德罗妮丶,会长你手速可以啊~
2893113,"2016-08-06 14:21:05",xxt7758521147,965293866,df,９ｏ６６８,９ｏ６６８冰魄讲解卡片BUG和转区BUG
2892975,"2016-08-06 14:12:34",qq347147159,311913984,df,AzZ丶狂人(90581)荧光棒,AzZ丶狂人(90581)火散关羽碾压震撼
2892691,"2016-08-06 13:46:21",angelline1018,784081653,mc,大橙橙橙子,炎黄惊曝大橙子美照
2895465,"2016-08-06 17:53:50",,900821317,lol,"90077騒男 100%胜率男刀",一言不合就拿计算器
2895466,"2016-08-06 17:53:06",,900821317,lol,"90077騒男 100%胜率男刀",归零者的逆袭
2895509,"2016-08-06 17:56:22",,900821317,lol,"90077騒男 100%胜率男刀",跟着骚男一起扭泥巴舞~
2896362,"2016-08-06 19:34:56",weixiao5430,7959074,mc,五之歌,五歌的幸福一家子
2890546,"2016-08-06 09:33:22",1391089114yy,1271256459,ls,安德罗妮丶,我要翻倍……翻倍……翻……
2893049,"2016-08-06 14:18:35",1313214123yy,1209333813,df,666-仇东升,达人PK剑魂险胜抛沙亮
2893007,"2016-08-06 14:15:42",qq784444622,886574870,df,AzZ丶雷锋,AzZ丶雷锋释魂红眼血剑爆菊气功
2893127,"2016-08-06 14:22:43",css2216,846022817,df,AzZ、万戦：激情解说员,"AzZ、万戦 激战红王爷 踏射带走"
2892907,"2016-08-06 14:07:55",a1151947228,172162826,df,AzZ丶小古子,小古子深渊一个2觉扑出冰雪项链
2904801,"2016-08-07 17:38:34",paoxiaofu222,983855856,lol,新浪微博：lol陆雪琪,"明天迟到吃屎 大家盯好了"
2904753,"2016-08-07 17:34:56",a546178708,476629970,lol,亚索最暴力教学90010奥贝罗亚索导师,"年轻人 莫装逼"
2904809,"2016-08-07 17:39:24",c65176554,7983525,lol,4878小D,小D与老婆闹分局
2905253,"2016-08-07 18:10:40",b755403467,1016578758,lol,新浪微博：芜湖神丶,芜湖神丶杰斯神预判
2905262,"2016-08-07 18:11:47",b755403467,1016578758,lol,新浪微博：芜湖神丶,手贱你就点进来
2905264,"2016-08-07 18:13:01",yu3936139182006,156184714,lol,90001-思念,"一个大招 换 红BUFF 值！"
2904792,"2016-08-07 17:38:00",wangzhaoya,17363578,lol,电一王者ADC,死歌猝不及防的开大
2905290,"2016-08-07 18:16:14",yan617914692,993318750,lol,颜王瑞文：不止是光速QA,"颜王瑞文 一个打四个"
2904663,"2016-08-07 17:28:13",nuonuo90001,1553509808,lol,90001-諾Nuo,諾Nuo式“丢雷楼某”
2902748,"2016-08-07 14:55:58",weiwei672349979,618378372,df,AzZ丶小炜,AzZ丶小炜15荒古剑魂强杀火山-乱刀砍死！
2902746,"2016-08-07 14:54:22",weiwei672349979,618378372,df,AzZ丶小炜,AzZ丶小炜荒古红眼强杀火山-强力2觉秒杀BOSS
2902744,"2016-08-07 14:52:11",weiwei672349979,618378372,df,AzZ丶小炜,AzZ丶小炜幽魂武神强杀火山，卡字一套带走！
2902743,"2016-08-07 14:50:02",weiwei672349979,618378372,df,AzZ丶小炜,AzZ丶小炜黑暗武士带队碾压20人擎天
2904659,"2016-08-07 17:25:28",chouchang7758,61316727,lol,青春-天下第一AP牛盲僧,"中单机器人 VS 中单琴女"
2904651,"2016-08-07 17:15:32",sinistersk,648442697,lol,国服第一剑姬-可乐,可乐刀妹比剑姬还强？
2904652,"2016-08-07 17:16:14",sinistersk,648442697,lol,国服第一剑姬-可乐,"可乐上单木木 塔下双杀"
2904653,"2016-08-07 17:19:10",wen284211345,1026868784,lol,新浪微博：虎牙TV叫我官人丶,官人不去当歌手可惜了
2904658,"2016-08-07 17:22:04",,900821317,lol,"90077騒男 100%胜率男刀",还好不是骚男五杀被抢
2904657,"2016-08-07 17:21:35",,900821317,lol,"90077騒男 100%胜率男刀",莫名其妙的双杀
2904678,"2016-08-07 17:30:44",qq1025237297,380073577,lol,90001-涛哥,人工智能塔
2924561,"2016-08-09 15:24:18",as18774833540,952507306,lol,90010-大包子-表情包,大包子四杀螳螂
2921594,"2016-08-09 10:00:26",1391089114yy,1271256459,ls,安德罗妮丶,会长再显神抽功力！
2921659,"2016-08-09 10:11:36",1391089114yy,1271256459,ls,安德罗妮丶,"没有闷棍 但有无面啊~"
2921608,"2016-08-09 10:02:15",1391089114yy,1271256459,ls,安德罗妮丶,"偷卡失败 选择死亡~"
2921698,"2016-08-09 10:14:05",1391089114yy,1271256459,ls,安德罗妮丶,"打克战 稳稳的"
2928132,"2016-08-09 18:25:23",whazh13141314,10895178,tv,〃Style﹏?　贱,"比赛现场发生抢劫事件 一人死亡"
2924515,"2016-08-09 15:07:55",wen284211345,1026868784,lol,新浪微博：虎牙TV叫我官人丶,国服第一不敌蓝Buff
2924512,"2016-08-09 15:05:03",cannababy123,1173712383,lol,90518-沙拉，36D素颜女亚索,戴耳机的样子很好看
2924553,"2016-08-09 15:19:24",xxt7758521147,965293866,df,９ｏ６６８,９ｏ６６８冰魄解说超速价格浮动！
2927903,"2016-08-09 18:08:30",chuhee1,294636272,tv,〃Style﹏?　楚　河〖９０３２７〗,快使用单节棍！
2924490,"2016-08-09 14:52:53",nny1023,73274903,lol,虎牙第一蛮王,虎牙第一蛮王大战提莫
2924494,"2016-08-09 14:53:43",q1q1466a,1016686157,lol,JQK.77,杀人拿Buff两不误
2924598,"2016-08-09 15:28:33",qq784444622,886574870,df,AzZ丶雷锋,AzZ丶雷锋红眼对战神级四叔被虐杀
2924564,"2016-08-09 15:25:35",qq784444622,886574870,df,AzZ丶雷锋,AzZ丶雷锋红眼，神级血剑大崩秒杀男机械
2924500,"2016-08-09 14:58:57",zt1097366016,1106530877,lol,进击的空老师,空老师AD索拉卡
2924511,"2016-08-09 15:05:41",sinistersk,648442697,lol,国服第一剑姬-可乐,国服第一剑姬惨遭小兵毒手
2927727,"2016-08-09 17:58:30",suihua20800,197650003,kan,小姨妈丶,小姨妈献唱《小幸运》
2927667,"2016-08-09 17:54:19",suihua20800,197650003,kan,小姨妈丶,小姨妈唱《写不完的温柔》
2927805,"2016-08-09 18:02:35",suihua20800,197650003,kan,小姨妈丶,小姨妈献唱《我的歌声里》
2927769,"2016-08-09 18:00:47",suihua20800,197650003,kan,小姨妈丶,小姨妈献唱《祝天下所有的情侣都是失散多年的兄妹》
2923815,"2016-08-09 13:56:37",y809118512,448323721,lol,95%胜率武器大师二师兄.YY90666,二师兄和这妹子发生什么了？
2924409,"2016-08-09 14:40:54",shousuliu90110,1228572917,lol,手速流：盲僧一秒牙踢碎全区到大师送粉丝,手速流表演光速秒ADC
2924539,"2016-08-09 15:13:33",qq784444622,886574870,df,AzZ丶雷锋,AzZ丶雷锋修罗号一丝血险胜柔道
2924528,"2016-08-09 15:10:55",qq784444622,886574870,df,AzZ丶雷锋,AzZ丶雷锋修罗号几乎满血虐杀对手
2923861,"2016-08-09 13:59:17",s505113102,707403637,lol,王者强，,王者强疯狗奥拉夫
2924355,"2016-08-09 14:26:32",1639423385yy,1466346678,lol,Miss大小姐的直播间,Miss大小姐卡特四杀
2924423,"2016-08-09 14:42:20",qq1025237297,380073577,lol,90001-涛哥,"有人肯定会说 闪现重置普攻不会死"
2923909,"2016-08-09 14:01:24",pcw1133,214631073,lol,国服第一上单机器,艾克单杀三只手
2924025,"2016-08-09 14:07:16",dongxiaosazhibo1,500066171,lol,TCS丶董导,"董小飒称战队难做 自己亏损200万"
2927668,"2016-08-09 17:54:59",dhhsgdhra,98875165,tv,90088-花教授〖爱拍红人〗,新的风暴已经出现！
2924129,"2016-08-09 14:12:05",paoxiaofu222,983855856,lol,新浪微博：lol陆雪琪,举报举报！！！陆雪琪直播看片
2924374,"2016-08-09 14:32:58",gaoshoudaren2,107524968,lol,黑店百地,七夕节献上！黑店百地《情歌王》
2924445,"2016-08-09 14:44:08",q258121879q,1042956167,lol,90010芒果：最强团战金克丝,"芒果金克丝 大招精准预判"
2927577,"2016-08-09 17:49:08",ggq2xgmuesd,1015041894,tv,〃Style﹏?　宝　哥〖大叔?主播〗,直播快速肢解
2927338,"2016-08-09 17:36:48",wytao555,90063873,tv,〃Style﹏?　孤　寂〖大神?主播〗,少女高空走钢丝不慎摔死
2924390,"2016-08-09 14:37:33",nioukewudi,477393888,lol,90010-西门孔子,西门剑姬越塔强杀1V2
2924384,"2016-08-09 14:35:16",1346554702yy,1235605259,lol,兽王.国服第一诺手,喜闻乐见抢五杀
2924436,"2016-08-09 14:43:27",yy476384081,363448252,lol,灭世冷漠,一只螃蟹引发的战争
2927822,"2016-08-09 18:03:30",game17226,967499203,tv,小宇热游直播,直播坠入爱河的瞬间
2924470,"2016-08-09 14:47:24",sunmengbo1,100523075,lol,小战,小战真大腿（董月月）
2923790,"2016-08-09 13:53:27",liu754633817,985588942,lol,9oo66丶柳柳,七夕单身狗柳柳
2927522,"2016-08-09 17:46:31",qvym887256,1075804701,kan,R&D-舞林萌主。艾米,R&D-舞林萌主艾米献唱《要抱抱》
2927593,"2016-08-09 17:50:04",qvym887256,1075804701,kan,R&D-舞林萌主。艾米,R&D-舞林萌主艾米收到妹子送来的七夕节礼物
2924519,"2016-08-09 15:08:11",css2216,846022817,df,AzZ、万戦：激情解说员,"AzZ、万戦女漫游对战神级毒王 月与海与仇东升观战"
2924157,"2016-08-09 14:13:41",b755403467,1016578758,lol,新浪微博：芜湖神丶,七夕寂寞单身狗芜湖神（汉子扣2）
2924332,"2016-08-09 14:23:24",a546178708,476629970,lol,亚索最暴力教学90010奥贝罗亚索导师,中单亚索1V2双杀
2924330,"2016-08-09 14:23:53",a546178708,476629970,lol,亚索最暴力教学90010奥贝罗亚索导师,奥贝罗亚索五杀
2937138,"2016-08-10 15:45:39",yu3936139182006,156184714,lol,90001-思念,思念这波走位太亮了
2937684,"2016-08-10 16:21:23",cqsjxing01,77729063,lol,Fx丶星痕,秀人反遭戏耍
2937151,"2016-08-10 15:46:37",1141985320yy,1075366402,lol,90077羊妹妹,羊妹妹实力单杀
2937201,"2016-08-10 15:49:01",qwe778513,1494640921,lol,波比斌-这个波比斌很强势~,波比斌单杀诺手
2937632,"2016-08-10 16:18:10",lylvoe2818,922143035,lol,90010最吸引喷子的盲僧,差点就被喷了
2935758,"2016-08-10 14:50:48",xxt7758521147,965293866,df,９ｏ６６８,９ｏ６６８冰魄讲解挑战书的价格波动商机
2937140,"2016-08-10 15:45:53",brv62857,558802298,kan,R&D,"R&D | 主播喜欢什么类型的男生"
2936904,"2016-08-10 15:38:36",tracy920576156,62424187,lol,90010薇儿,薇儿极限反杀
2936568,"2016-08-10 15:28:25",a260931007,171423073,lol,JQK.旋律,旋律逗比模式开启
2935693,"2016-08-10 14:44:34",ziyexi0003,390711476,lol,童话王者排位1200胜点,童话男朋友-云南小瓜好粗壮
2936408,"2016-08-10 15:19:20",xiaoyuncenqinglin,1423288478,lol,国服第一狮子狗-小跟班-90035,生无可恋
2936214,"2016-08-10 15:14:22",denglutangzhan2,960812175,lol,虎牙第一亚索,越塔秒杀+穿墙逃生
2936442,"2016-08-10 15:21:46",qq745082326,486806573,kan,M·H,"M·H | 七夕之夜喜鹊娘"
2936994,"2016-08-10 15:41:55",nuonuo90001,1553509808,lol,90001-諾Nuo,諾Nuo蛤蟆原地大招
2936979,"2016-08-10 15:40:44",qvym887256,1075804701,kan,R&D-舞林萌主。艾米,"R&D-舞林萌主。艾米 |《菊花爆满山》"
2936811,"2016-08-10 15:35:42",qvym887256,1075804701,kan,R&D-舞林萌主。艾米,"R&D-舞林萌主。艾米| 《帝都》"
2935866,"2016-08-10 15:02:38",cannababy123,1173712383,lol,90518-沙拉，36D素颜女亚索,沙拉女亚索单身级别手速
2936635,"2016-08-10 15:31:03",qq745082326,486806573,kan,M·H,"M·H | 不服来战之橘夏队《帝都》"
2936548,"2016-08-10 15:27:25",qq745082326,486806573,kan,M·H,"M·H | 不服来战之鹤宝队《杀猪刀》"
2937114,"2016-08-10 15:44:04",b27752435,58879237,lol,90001.诡诈,死于自信
2935372,"2016-08-10 14:18:52",nny1023,73274903,lol,虎牙第一蛮王,我能Carry
2937671,"2016-08-10 16:20:20",wen284211345,1026868784,lol,新浪微博：虎牙TV叫我官人丶,官人卡牌大招：掉线
2935296,"2016-08-10 14:09:15",xx945948027,1033759016,lol,第一滑板鞋★90010菊花,菊花滑板鞋五杀
2936048,"2016-08-10 15:09:35",suihua20800,197650003,kan,小姨妈丶,"小姨妈丶| 深情献唱《董小姐》"
2935302,"2016-08-10 14:10:09",dongmei19971218,1016456267,lol,小满,小满：怎么会这样
2935730,"2016-08-10 14:47:14",qq1073536743,177375827,df,AzZ丶傲-范百亿（5801）,AzZ丶傲-范百亿讲解暴走安图恩对生命之息的物价影响
2937493,"2016-08-10 16:11:24",sunmengbo1,100523075,lol,小战,小战细节教学
2949308,"2016-08-11 16:19:36",nny1023,73274903,lol,虎牙第一蛮王,今天放大龙一马
2949266,"2016-08-11 16:18:36",denglutangzhan2,960812175,lol,虎牙第一亚索,虎牙第一亚索钻石分段好秀
2948267,"2016-08-11 15:17:21",shaoliufei521,1205087020,lol,90494-飞飞,飞飞皇子五杀
2948200,"2016-08-11 15:14:14",q1q1466a,1016686157,lol,JQK.77,77男枪疯狂走位
2948642,"2016-08-11 15:32:37",qq784444622,886574870,df,AzZ丶雷锋,AzZ丶雷锋剑魂对战大红神，满血取胜！
2948624,"2016-08-11 15:29:38",qq784444622,886574870,df,AzZ丶雷锋,AzZ丶雷锋白手号对战连发黑骑，1丝血险胜
2948614,"2016-08-11 15:28:07",qq784444622,886574870,df,AzZ丶雷锋,AzZ丶雷锋雷剑白手对战红眼，0血险胜
2948600,"2016-08-11 15:26:23",qq784444622,886574870,df,AzZ丶雷锋,AzZ丶雷锋剑魂内战，霸气光剑切钝器剑舞带走对手
2947939,"2016-08-11 15:06:50",qq1025237297,380073577,lol,90001-涛哥,赵信金身R
2947877,"2016-08-11 14:58:09",nioukewudi,477393888,lol,90010-西门孔子,西门孔子一血击杀
2947602,"2016-08-11 14:36:32",yy_edg02,1324335079,lol,EDG.Clearlove,"【直播间骚话】粉丝调戏 已在研究S6对手"
2947759,"2016-08-11 14:47:27",yy_edg02,1324335079,lol,EDG.Clearlove,厂长：说我头发帅的去看眼科
2947344,"2016-08-11 14:12:39",yy_edg05,1324336265,lol,EDG丶Meiko,Meiko极限抗塔
2944902,"2016-08-11 10:13:52",angelline1018,784081653,mc,大橙橙橙子,五歌飞（bai）天（she）记（zhuan）完成
2947880,"2016-08-11 14:59:03",shousuliu90110,1228572917,lol,手速流：盲僧一秒牙踢碎全区到大师送粉丝,手速流盲僧野区单杀
2947929,"2016-08-11 15:05:03",1346554702yy,1235605259,lol,兽王.国服第一诺手,这两人....无语
2949159,"2016-08-11 16:12:13",dongmei19971218,1016456267,lol,小满,小满实力反杀
2949786,"2016-08-11 16:47:08",whazh13141314,10895178,tv,〃Style﹏?　贱,儿子抢老爹女朋友竟获得允许
2948574,"2016-08-11 15:24:40",qq1073536743,177375827,df,AzZ丶傲-范百亿（5801）,AzZ丶傲-范百亿（5801）讲解成就材料物价变动
2949311,"2016-08-11 16:19:33",dhhsgdhra,98875165,tv,90088-花教授〖爱拍红人〗,就差一点就到终点了！
2947832,"2016-08-11 14:52:53",a260931007,171423073,lol,JQK.旋律,旋律吃机械键盘
2950260,"2016-08-11 17:14:47",chuhee1,294636272,tv,〃Style﹏?　楚　河〖９０３２７〗,《无人深空》：在美丽的星系中探索
2947926,"2016-08-11 15:05:51",xx945948027,1033759016,lol,第一滑板鞋★90010菊花,"走位 风女 W减速"
2947409,"2016-08-11 14:18:51",gaoshoudaren2,107524968,lol,黑店百地,一看就昨晚没睡好
2947379,"2016-08-11 14:15:13",yy476384081,363448252,lol,灭世冷漠,1V2差点双杀
2947489,"2016-08-11 14:24:41",yy_edg02,1324335079,lol,EDG.Clearlove,Clearlove心疼小学生粉丝
2950372,"2016-08-11 17:29:43",ggq2xgmuesd,1015041894,tv,〃Style﹏?　宝　哥〖大叔?主播〗,残忍！魔鬼蛙被人类轮流射
2947456,"2016-08-11 14:21:59",b755403467,1016578758,lol,新浪微博：芜湖神丶,芜湖神蛋疼时刻
2948006,"2016-08-11 15:08:03",sunmengbo1,100523075,lol,小战,小战锐雯五杀
2961690,"2016-08-12 17:08:03",b755403467,1016578758,lol,新浪微博：芜湖神丶,芜湖神喜欢口活好的
2962076,"2016-08-12 17:44:02",y809118512,448323721,lol,95%胜率武器大师二师兄.YY90666,花式逃生
2947200,"2016-08-11 14:06:05",qwe778513,1494640921,lol,波比斌-这个波比斌很强势~,波比1V4
2961436,"2016-08-12 16:54:09",a546178708,476629970,lol,亚索最暴力教学90010奥贝罗亚索导师,奥贝罗亚索五杀
2962012,"2016-08-12 17:37:30",wangzhaoya,17363578,lol,电一王者ADC,五杀维恩
2960996,"2016-08-12 16:39:52",1141985320yy,1075366402,lol,90077羊妹妹,羊妹妹传授平胸秘诀
2961788,"2016-08-12 17:21:05",yu3936139182006,156184714,lol,90001-思念,万万没想到
2961012,"2016-08-12 16:40:47",lylvoe2818,922143035,lol,90010最吸引喷子的盲僧,可怕的自信回头
2961750,"2016-08-12 17:14:30",yan617914692,993318750,lol,颜王瑞文：不止是光速QA,颜王致敬Godv
2957754,"2016-08-12 12:05:51",brv62857,558802298,kan,R&D,"R&D | 六爷性感热舞"
2960919,"2016-08-12 16:34:19",as18774833540,952507306,lol,90010-大包子-表情包,大包子举报女主播
2961082,"2016-08-12 16:45:44",whazh13141314,10895178,tv,〃Style﹏?　贱,"另一个部落的故事：孤岛惊魂 原始杀戮"
2960835,"2016-08-12 16:21:03",dongmei19971218,1016456267,lol,小满,小满锐雯单杀剑姬
2959375,"2016-08-12 14:56:05",qq784444622,886574870,df,AzZ丶雷锋,AzZ丶雷锋剑魂对战红神全程虐杀
2956899,"2016-08-12 10:36:54",angelline1018,784081653,mc,大橙橙橙子,大橙子问喜不喜欢污污的她2333
2957145,"2016-08-12 11:01:13",angelline1018,784081653,mc,大橙橙橙子,橙子今年3岁，2米9，200吨？！
2957196,"2016-08-12 11:04:26",angelline1018,784081653,mc,大橙橙橙子,时隔多年再次问鼎，橙子第一啦~
2957227,"2016-08-12 11:06:16",angelline1018,784081653,mc,大橙橙橙子,一个脚滑瞬间狗带2333
2957257,"2016-08-12 11:08:24",angelline1018,784081653,mc,大橙橙橙子,橙子自爆喜欢懒床~
2959328,"2016-08-12 14:52:05",qq784444622,886574870,df,AzZ丶雷锋,AzZ丶雷锋剑魂内战，1%血险胜对手
2962000,"2016-08-12 17:36:07",gaoshoudaren2,107524968,lol,黑店百地,敢越国服第一坦克的塔？
2960947,"2016-08-12 16:36:11",ggq2xgmuesd,1015041894,tv,〃Style﹏?　宝　哥〖大叔?主播〗,魔鬼蛙竟干掉比自己大3倍的巨犀
2957772,"2016-08-12 12:09:04",brv62857,558802298,kan,R&D,"R&D | 我们都喜欢小白龙"
2959355,"2016-08-12 14:54:10",qq784444622,886574870,df,AzZ丶雷锋,AzZ丶雷锋剑魂对战红眼，帅气拔刀取胜
2956560,"2016-08-12 09:59:19",zll25994245,3256244,mc,90508-粉鱼鱼,粉鱼的暖心提醒噢~
2960360,"2016-08-12 15:49:59",1639423385yy,1466346678,lol,Miss大小姐的直播间,Miss大小姐抢大龙
2959274,"2016-08-12 14:45:54",qq1073536743,177375827,df,AzZ丶傲-范百亿（5801）,AzZ丶傲-范百亿教你玩转传承商机
2955394,"2016-08-12 07:24:19",1681435395yy,1499312947,ls,魔法之风,合适的时间开包就有橙~
2955395,"2016-08-12 07:26:43",1681435395yy,1499312947,ls,魔法之风,"1费先手偷 必然是硬币"
2955393,"2016-08-12 07:17:01",1681435395yy,1499312947,ls,魔法之风,这个滑稽的手滑。。。
2960749,"2016-08-12 16:15:14",wytao555,90063873,tv,〃Style﹏?　孤　寂〖大神?主播〗,挖掘技术哪家强？
2959299,"2016-08-12 14:49:30",qq784444622,886574870,df,AzZ丶雷锋,月与海对战性感女枪苏小沫
2962050,"2016-08-12 17:42:30",shousuliu90110,1228572917,lol,手速流：盲僧一秒牙踢碎全区到大师送粉丝,好气！手速流盲僧五杀被抢
2961695,"2016-08-12 17:09:57",qq1025237297,380073577,lol,90001-涛哥,涛哥剑圣五杀
2960579,"2016-08-12 16:04:26",1346554702yy,1235605259,lol,兽王.国服第一诺手,兽王诺手五杀
2960619,"2016-08-12 16:06:03",sunmengbo1,100523075,lol,小战,小战一打二双杀
2960277,"2016-08-12 15:44:19",paoxiaofu222,983855856,lol,新浪微博：lol陆雪琪,"国服第一妹子 陆雪琪奥巴马五杀"
2957249,"2016-08-12 11:07:45",qvym887256,1075804701,kan,R&D-舞林萌主。艾米,"R&D-舞林萌主。艾米 | 这腰身就问你满不满足"
2957694,"2016-08-12 11:58:30",qvym887256,1075804701,kan,R&D-舞林萌主。艾米,"R&D-舞林萌主。艾米 | 《蜡笔小新》F纵队 VS AI米队"
2960808,"2016-08-12 16:19:16",dhhsgdhra,98875165,tv,90088-花教授〖爱拍红人〗,让我出去！
2959224,"2016-08-12 14:40:36",aa763304151,80567762,df,AzZ丶苏澈,AzZ丶苏澈剑魂手持悲鸣光剑碾压觉醒安图恩-擎天
2960208,"2016-08-12 15:37:50",pcw1133,214631073,lol,国服第一上单机器,"主播改皮肤 直播打完被封号"
2971146,"2016-08-13 16:09:28",1639423385yy,1466346678,lol,Miss大小姐的直播间,Miss表演R闪
2968401,"2016-08-13 12:39:02",1681435395yy,1499312947,ls,魔法之风,大哥你丢得准点啊~
2971619,"2016-08-13 16:43:31",yy_edg03,1324392792,lol,EDG丶PawN,这样都能跑掉？
2971657,"2016-08-13 16:53:02",a546178708,476629970,lol,亚索最暴力教学90010奥贝罗亚索导师,这波逼装的可以
2971527,"2016-08-13 16:37:00",yy_edg03,1324392792,lol,EDG丶PawN,PawN豹女耍盲枪
2971554,"2016-08-13 16:39:30",yy_edg03,1324392792,lol,EDG丶PawN,胖爹耍的一手好套路
2968402,"2016-08-13 12:39:39",1681435395yy,1499312947,ls,魔法之风,真的是炸光全场了
2968453,"2016-08-13 12:42:08",1681435395yy,1499312947,ls,魔法之风,"迷之combo 11血斩杀！"
2972216,"2016-08-13 17:50:06",qq784444622,886574870,df,AzZ丶雷锋,AzZ丶雷锋红神VS红神，对手实力不开双刀
2972192,"2016-08-13 17:47:24",qq784444622,886574870,df,AzZ丶雷锋,AzZ丶雷锋大红神PK满血虐杀性感女漫游
2972183,"2016-08-13 17:46:11",qq784444622,886574870,df,AzZ丶雷锋,AzZ丶雷锋大红神PK内战暴力压制对手
2971989,"2016-08-13 17:08:00",liu754633817,985588942,lol,9oo66丶柳柳,说好的杀人呢
2971803,"2016-08-13 16:59:37",sunmengbo1,100523075,lol,小战,这克隆打得跟人机一样
2971241,"2016-08-13 16:18:18",paoxiaofu222,983855856,lol,新浪微博：lol陆雪琪,l陆雪琪泉水里拿五杀
2971268,"2016-08-13 16:28:19",paoxiaofu222,983855856,lol,新浪微博：lol陆雪琪,陆雪琪讲内裤的哲理
2971437,"2016-08-13 16:33:31",paoxiaofu222,983855856,lol,新浪微博：lol陆雪琪,陆雪琪边直播边卖内裤...
2971251,"2016-08-13 16:25:04",paoxiaofu222,983855856,lol,新浪微博：lol陆雪琪,身材好就是这么自信
2971249,"2016-08-13 16:21:41",paoxiaofu222,983855856,lol,新浪微博：lol陆雪琪,说实在的我就是来看胸的
2971200,"2016-08-13 16:13:12",dongxiaosazhibo1,500066171,lol,TCS丶董导,董导居然怂了
2972292,"2016-08-13 17:54:03",aa763304151,80567762,df,AzZ丶苏澈,AzZ丶苏澈荒古红眼，暴力伤害单挑暴走能源BOSS
2971736,"2016-08-13 16:57:58",1346554702yy,1235605259,lol,兽王.国服第一诺手,五杀其实很简单
2971647,"2016-08-13 16:51:08",y809118512,448323721,lol,95%胜率武器大师二师兄.YY90666,这武器好溜~
2990290,"2016-08-15 17:25:36",a546178708,476629970,lol,亚索最暴力教学90010奥贝罗亚索导师,奥贝罗亚索SOLO被单杀
2972177,"2016-08-13 17:44:51",qq1073536743,177375827,df,AzZ丶傲-范百亿（5801）,AzZ丶傲-范百亿讲解药剂推荐倒卖！增幅卷倒卖！
2989740,"2016-08-15 16:41:09",yy_edg01,1324273199,lol,EDG丶Koro1,Koro1反向调戏
2975932,"2016-08-14 01:04:51",zll25994245,3256244,mc,90508-粉鱼鱼,哎哟，好不容易才能射出去。
2975936,"2016-08-14 01:12:10",zll25994245,3256244,mc,90508-粉鱼鱼,可爱地飞起来了。。。
2990122,"2016-08-15 17:00:01",q1q1466a,1016686157,lol,JQK.77,被暗算了
2976264,"2016-08-14 02:38:03",1681435395yy,1499312947,ls,魔法之风,傻子也是有尊严的~
2989684,"2016-08-15 16:35:16",yy_edg03,1324392792,lol,EDG丶PawN,PawN将军的意识和操作。。。
2989699,"2016-08-15 16:37:28",yy_edg03,1324392792,lol,EDG丶PawN,韩服高端局Pawn将军被秀
2976265,"2016-08-14 02:39:59",1681435395yy,1499312947,ls,魔法之风,对面这个迷之换血
2989547,"2016-08-15 16:20:29",gaoshoudaren2,107524968,lol,黑店百地,黑店百地23号注册结婚
2989566,"2016-08-15 16:22:05",shousuliu90110,1228572917,lol,手速流：盲僧一秒牙踢碎全区到大师送粉丝,手速流逗比时刻
2989518,"2016-08-15 16:17:29",ziyexi0003,390711476,lol,童话王者排位1200胜点,童话节奏大师300连击
2989570,"2016-08-15 16:23:04",qq1025237297,380073577,lol,90001-涛哥,涛哥作死瞬间
2976272,"2016-08-14 02:46:31",1681435395yy,1499312947,ls,魔法之风,这个COMBO有点强
2990958,"2016-08-15 18:31:27",paoxiaofu222,983855856,lol,新浪微博：lol陆雪琪,"活该单身狗 搞事机器人抢陆雪琪五杀"
2990274,"2016-08-15 17:21:43",y809118512,448323721,lol,95%胜率武器大师二师兄.YY90666,验眼科时间
2991842,"2016-08-15 20:07:41",qvym887256,1075804701,kan,R&D-舞林萌主。艾米,"R&D-舞林萌主。艾米 | 《 彩云之南》"
2991922,"2016-08-15 20:19:27",qq745082326,486806573,kan,M·H,"M·H | PK之茶Oo队《多幸运》"
2988967,"2016-08-15 15:26:53",dongxiaosazhibo1,500066171,lol,TCS丶董导,董弱鸡的盲僧
2991875,"2016-08-15 20:14:37",qvym887256,1075804701,kan,R&D-舞林萌主。艾米,"R&D-舞林萌主。艾米| 《恋人心》"
2988816,"2016-08-15 15:16:11",yan617914692,993318750,lol,颜王瑞文：不止是光速QA,颜王逗比时刻
2990452,"2016-08-15 17:46:05",ggq2xgmuesd,1015041894,tv,〃Style﹏?　宝　哥〖大叔?主播〗,大概是最不准的枪法
2988790,"2016-08-15 15:11:30",liu754633817,985588942,lol,9oo66丶柳柳,柳柳直播卸妆摘眼镜
2988810,"2016-08-15 15:14:39",yu3936139182006,156184714,lol,90001-思念,思念5级蛮王上路1V2
2989022,"2016-08-15 15:33:21",pcw1133,214631073,lol,国服第一上单机器,上单机器人单杀鳄鱼
2989002,"2016-08-15 15:29:48",cqsjxing01,77729063,lol,Fx丶星痕,星痕“捉奸捉赃”
2988786,"2016-08-15 15:08:55",tracy920576156,62424187,lol,90010薇儿,薇儿的歌声
2991824,"2016-08-15 20:05:16",brv62857,558802298,kan,R&D,"R&D | 六爷抖动的小黑裙"
2988785,"2016-08-15 15:07:12",dongmei19971218,1016456267,lol,小满,大神妹子韩服剑圣五杀
2991777,"2016-08-15 20:01:30",yui090120,562409422,kan,592-Zero,"592-Zero | Exid - 上和下"
2991704,"2016-08-15 19:56:57",yui090120,562409422,kan,592-Zero,"592-Zero | 细腰热舞"
2988787,"2016-08-15 15:09:58",dhhsgdhra,98875165,tv,90088-花教授〖爱拍红人〗,这是怎么上去的？
2989473,"2016-08-15 16:12:43",wytao555,90063873,tv,〃Style﹏?　孤　寂〖大神?主播〗,注意蓝帽子男的鬼畜动作
2990259,"2016-08-15 17:13:48",qq784444622,886574870,df,AzZ丶雷锋,AzZ丶雷锋剑魂内战被卡B对手一丝血击败
2990239,"2016-08-15 17:09:26",qq784444622,886574870,df,AzZ丶雷锋,AzZ丶雷锋剑魂号虐杀阿修罗
2990255,"2016-08-15 17:11:12",qq784444622,886574870,df,AzZ丶雷锋,AzZ丶雷锋剑魂号碾压驱魔
2990215,"2016-08-15 17:07:21",qq784444622,886574870,df,AzZ丶雷锋,AzZ丶雷锋剑魂号对战大红神险胜！
2988820,"2016-08-15 15:18:56",paoxiaofu222,983855856,lol,新浪微博：lol陆雪琪,陆雪琪：胸大的不在乎内衣价格
2988773,"2016-08-15 15:04:55",qq1025237297,380073577,lol,90001-涛哥,涛哥剑圣五杀
2988718,"2016-08-15 14:54:30",a546178708,476629970,lol,亚索最暴力教学90010奥贝罗亚索导师,奥贝罗逗比时刻
2990264,"2016-08-15 17:16:02",qq1073536743,177375827,df,AzZ丶傲-范百亿（5801）,AzZ丶傲-范百亿教大家压价技巧不亏钱
2997637,"2016-08-16 14:52:39",qq1025237297,380073577,lol,90001-涛哥,涛哥泉水五杀剑圣
2995010,"2016-08-16 10:15:50",1681435395yy,1499312947,ls,魔法之风,"幺幺零么 这里有人现场印卡"
2995031,"2016-08-16 10:18:38",1681435395yy,1499312947,ls,魔法之风,我的十二胜是闹闹给的！
2994986,"2016-08-16 10:09:51",1681435395yy,1499312947,ls,魔法之风,这个130是可以声控的！
2997426,"2016-08-16 14:37:31",liu754633817,985588942,lol,9oo66丶柳柳,盲僧下路Gank新招
3009856,"2016-08-17 18:16:33",qq745082326,486806573,kan,M·H,"M·H | 橘夏队-《断情笔》"
2998903,"2016-08-16 16:42:21",qq784444622,886574870,df,AzZ丶雷锋,"AzZ丶雷锋释魂光剑魂对战红眼 猛龙帅气破大崩"
2998887,"2016-08-16 16:39:55",qq784444622,886574870,df,AzZ丶雷锋,"AzZ丶雷锋剑魂对战外挂红眼 临死极限反扑GG"
2998878,"2016-08-16 16:36:05",qq784444622,886574870,df,AzZ丶雷锋,AzZ丶雷锋剑魂对战女漫游-全程压着打
2998872,"2016-08-16 16:34:39",qq784444622,886574870,df,AzZ丶雷锋,AzZ丶雷锋剑魂号对战红眼，怒破大崩取胜
2997369,"2016-08-16 14:31:27",s505113102,707403637,lol,王者强，,王者强：我的直播间都是活人
3008057,"2016-08-17 15:46:42",yan617914692,993318750,lol,颜王瑞文：不止是光速QA,颜王五杀网费到手
3009763,"2016-08-17 18:01:51",brv62857,558802298,kan,R&D,"R&D 七爷 | 今天一袭白衣~"
3007993,"2016-08-17 15:41:01",lylvoe2818,922143035,lol,90010最吸引喷子的盲僧,帅气虐泉回旋踢
3006812,"2016-08-17 14:24:32",ziyexi0003,390711476,lol,童话王者排位1200胜点,童话闪现神箭
3009569,"2016-08-17 17:45:23",qvym887256,1075804701,kan,R&D-舞林萌主。艾米,"R&D-舞林萌主。艾米 | 《有点甜》"
3009466,"2016-08-17 17:39:01",qvym887256,1075804701,kan,R&D-舞林萌主。艾米,"R&D-舞林萌主。艾米 | 猜猜主播多高"
3006811,"2016-08-17 14:24:29",cuizejian4234,1048450049,mc,90807丶虎牙马桶c,马桶拿着香蕉PLAY神马
3006883,"2016-08-17 14:29:12",cuizejian4234,1048450049,mc,90807丶虎牙马桶c,马桶自爆缺点~
3006936,"2016-08-17 14:34:46",cuizejian4234,1048450049,mc,90807丶虎牙马桶c,出现了迷之污物体
3006971,"2016-08-17 14:37:08",cuizejian4234,1048450049,mc,90807丶虎牙马桶c,马桶被逼墙角强‘爆’了
3009445,"2016-08-17 17:38:55",ggq2xgmuesd,1015041894,tv,〃Style﹏?　宝　哥〖大叔?主播〗,强闯民宅
3004798,"2016-08-17 10:47:35",1681435395yy,1499312947,ls,魔法之风,真是社会主义好雷锋
3006735,"2016-08-17 14:19:49",1346554702yy,1235605259,lol,兽王.国服第一诺手,1V2双杀诺手
3008753,"2016-08-17 16:37:36",sbww940812,817929720,kan,MyTh90005-阿娇,"MyTh90005-阿娇 | 《白骨哀》"
3009052,"2016-08-17 16:51:02",sbww940812,817929720,kan,MyTh90005-阿娇,"MyTh90005-阿娇 | 《异地恋》"
3006638,"2016-08-17 14:12:38",c65176554,7983525,lol,4878小D,"狗头单挑诺手 完全不虚"
3006768,"2016-08-17 14:21:55",zll25994245,3256244,mc,90508-粉鱼鱼,奶奶被各种撩2333
3006653,"2016-08-17 14:13:14",zll25994245,3256244,mc,90508-粉鱼鱼,粉奶奶神奇魔音‘啦啦啦’拿粉色便便
3009825,"2016-08-17 18:10:21",wytao555,90063873,tv,〃Style﹏?　孤　寂〖大神?主播〗,空中车祸现场
3004744,"2016-08-17 10:44:49",1681435395yy,1499312947,ls,魔法之风,天降正义！锤死他！
3004869,"2016-08-17 10:51:16",1681435395yy,1499312947,ls,魔法之风,听说这里杂兵很多
3018268,"2016-08-18 16:20:26",dongxiaosazhibo1,500066171,lol,TCS丶董导,男枪闪现装逼失败...
3018248,"2016-08-18 16:16:47",yy_edg05,1324336265,lol,EDG丶Meiko,Meiko牛头伤害比圣枪哥的烬还高...
3009812,"2016-08-17 18:08:48",yui090120,562409422,kan,592-Zero,"592-Zero | 迷唇队-这抖动你服不服！"
3018142,"2016-08-18 16:05:43",lylvoe2818,922143035,lol,90010最吸引喷子的盲僧,这都能被秒？（一脸懵逼）
3018084,"2016-08-18 15:59:54",nny1023,73274903,lol,虎牙第一蛮王,八哥闭眼睛单挑大龙...
3018123,"2016-08-18 16:03:19",nny1023,73274903,lol,虎牙第一蛮王,不能高兴得太早
3017047,"2016-08-18 15:05:00",cuizejian4234,1048450049,mc,90807丶虎牙马桶c,马桶VS精英怪+一群精英怪，一直开不到钻石好桑森
3017307,"2016-08-18 15:20:12",cuizejian4234,1048450049,mc,90807丶虎牙马桶c,人品瞬间爆发？！
3019079,"2016-08-18 17:11:51",qq1073536743,177375827,df,AzZ丶傲-范百亿（5801）,AzZ丶傲-范百亿（5801）教你DNF从商如何白手起家
3014196,"2016-08-18 09:51:37",1681435395yy,1499312947,ls,魔法之风,"让我们  重新开始"
3014203,"2016-08-18 09:54:53",1681435395yy,1499312947,ls,魔法之风,傻子在关键时候别出错啊
3014207,"2016-08-18 09:56:36",1681435395yy,1499312947,ls,魔法之风,总不能有3个复仇吧
3017819,"2016-08-18 15:47:50",1639423385yy,1466346678,lol,Miss大小姐的直播间,Miss睡NMB，起来high！
3019042,"2016-08-18 17:06:42",wytao555,90063873,tv,〃Style﹏?　孤　寂〖大神?主播〗,玩家被NPC抓走啦
3018022,"2016-08-18 15:55:47",1346554702yy,1235605259,lol,兽王.国服第一诺手,来自第一诺手的五杀
3018051,"2016-08-18 15:57:38",nioukewudi,477393888,lol,90010-西门孔子,西门剑姬虐菜一挑二
3028250,"2016-08-19 17:01:28",xx945948027,1033759016,lol,第一滑板鞋★90010菊花,活生生被反甲弄死
3029173,"2016-08-19 18:11:44",qq745082326,486806573,kan,M·H,"M·H | 橘夏队-吃个性感的给你们看"
3028209,"2016-08-19 16:59:31",1141985320yy,1075366402,lol,90077羊妹妹,空大琴女羊妹妹
3026510,"2016-08-19 15:05:21",wytao555,90063873,tv,〃Style﹏?　孤　寂〖大神?主播〗,真笨，看我的
3028899,"2016-08-19 17:49:22",brv62857,558802298,kan,R&D,"R&D | 六爷回忆纯真恋爱往事"
3029039,"2016-08-19 17:54:46",brv62857,558802298,kan,R&D,"R&D | 六爷变娃娃音喊麦"
3029124,"2016-08-19 18:02:44",brv62857,558802298,kan,R&D,"R&D |  六爷的电臀又来啦！"
3028009,"2016-08-19 16:53:12",ziyexi0003,390711476,lol,童话王者排位1200胜点,童话玩逆战也是个大神
3028701,"2016-08-19 17:32:06",sbww940812,817929720,kan,MyTh90005-阿娇,"MyTh90005-阿娇 | 鬼节千万不要做羞羞的事"
3028300,"2016-08-19 17:03:40",sbww940812,817929720,kan,MyTh90005-阿娇,"MyTh90005-阿娇 | 洪荒之力表情包"
3028215,"2016-08-19 16:59:17",sbww940812,817929720,kan,MyTh90005-阿娇,"MyTh90005-阿娇 | 喊麦《断情笔》"
3027961,"2016-08-19 16:51:32",nny1023,73274903,lol,虎牙第一蛮王,喜获坑队友一枚
3062225,"2016-08-23 09:23:58",qq745082326,486806573,kan,M·H,"M·H | 橘夏喊麦《九世轮回篇》"
3062291,"2016-08-23 09:34:14",qq745082326,486806573,kan,M·H,"M·H | 美女主播直播刷牙月入百万"
3062265,"2016-08-23 09:26:57",qq745082326,486806573,kan,M·H,"M·H | 夭寿了！男女主播一起X凳子啦！！！"
3058343,"2016-08-22 18:37:20",brv62857,558802298,kan,R&D,"R&D | 小蛮腰我只服六爷！！！"
3058298,"2016-08-22 18:30:54",brv62857,558802298,kan,R&D,"R&D | 六爷的蛮腰你服不服！"
3058329,"2016-08-22 18:35:02",brv62857,558802298,kan,R&D,"R&D | 六爷这舞跳得很有韩国气息！"
3056214,"2016-08-22 15:44:51",nuratoking77,104030498,ls,萌太奇(麦香鱼汉堡套餐),板娘的巴内斯首秀
3056207,"2016-08-22 15:40:16",nuratoking77,104030498,ls,萌太奇(麦香鱼汉堡套餐),板娘你错斩啦~~
3056199,"2016-08-22 15:38:48",nuratoking77,104030498,ls,萌太奇(麦香鱼汉堡套餐),王小板给大家打招呼啦~
3067224,"2016-08-23 17:47:44",dongxiaosazhibo1,500066171,lol,TCS丶董导,蛤蟆这个大吓哭我了
3067213,"2016-08-23 17:46:53",dongxiaosazhibo1,500066171,lol,TCS丶董导,原来SKT叫烧烤摊
3067497,"2016-08-23 18:10:24",ziyexi0003,390711476,lol,童话王者排位1200胜点,好一个一箭穿心
3067542,"2016-08-23 18:15:43",ziyexi0003,390711476,lol,童话王者排位1200胜点,猫咪：MDZZ！干嘛一直摇
3067478,"2016-08-23 18:07:45",sbww940812,817929720,kan,MyTh90005-阿娇,"MyTh90005-阿娇 | 红绳PK"
3062605,"2016-08-23 10:13:40",1391089114yy,1271256459,ls,安德罗妮丶,隐身即无敌
3062668,"2016-08-23 10:17:28",1391089114yy,1271256459,ls,安德罗妮丶,会长你的神抽功力被对面拿了
3062577,"2016-08-23 10:10:33",1391089114yy,1271256459,ls,安德罗妮丶,关键时候导演还是救不了你
3067569,"2016-08-23 18:18:02",nny1023,73274903,lol,虎牙第一蛮王,惊险偷塔对决
3067549,"2016-08-23 18:16:50",qvym887256,1075804701,kan,R&D-舞林萌主。艾米,"R&D-舞林萌主。艾米 | 《恋人心》"
3067498,"2016-08-23 18:10:20",sbww940812,817929720,kan,MyTh90005-阿娇,"MyTh90005-阿娇 | 《十年戎马心孤单》"
3067110,"2016-08-23 17:30:30",suihua20800,197650003,kan,小姨妈丶,"小姨妈丶 | 《我的天空》"
3067436,"2016-08-23 18:04:35",suihua20800,197650003,kan,小姨妈丶,"小姨妈丶| 《伤河》"
3067192,"2016-08-23 17:39:32",suihua20800,197650003,kan,小姨妈丶,"小姨妈丶| 《默》"
3067215,"2016-08-23 17:46:17",suihua20800,197650003,kan,小姨妈丶,"小姨妈丶|  盘点直播间的喷子"
3067603,"2016-08-23 18:22:22",,900821317,lol,"90077騒男 100%胜率男刀",接受归零者的制裁吧
3067595,"2016-08-23 18:21:11",,900821317,lol,"90077騒男 100%胜率男刀",差点就装逼成功了
3067620,"2016-08-23 18:24:22",,900821317,lol,"90077騒男 100%胜率男刀","骚男单挑大龙 猜猜结果如何"
3062457,"2016-08-23 09:58:11",1681435395yy,1499312947,ls,魔法之风,有本事你把我秒了？
3062515,"2016-08-23 10:02:57",nuratoking77,104030498,ls,萌太奇(麦香鱼汉堡套餐),你确定这是奥弹不是奥冲？
3062514,"2016-08-23 10:02:15",nuratoking77,104030498,ls,萌太奇(麦香鱼汉堡套餐),毕竟会长夫人~
3062528,"2016-08-23 10:04:22",nuratoking77,104030498,ls,萌太奇(麦香鱼汉堡套餐),火焰之地传送门的伤害可不少
3067159,"2016-08-23 17:34:25",paoxiaofu222,983855856,lol,新浪微博：lol陆雪琪,一脸疑惑就死了...
3066038,"2016-08-23 15:37:47",wytao555,90063873,tv,〃Style﹏?　孤　寂〖大神?主播〗,作弊吃点
3066200,"2016-08-23 15:45:59",qq1073536743,177375827,df,AzZ丶傲-范百亿（5801）,AzZ丶傲-范百亿（5801）（讲解面罩会不会掉价）
3067634,"2016-08-23 18:26:46",sunmengbo1,100523075,lol,小战,小战带妹出门忘记买装备（超尴尬）
3062399,"2016-08-23 09:53:36",1681435395yy,1499312947,ls,魔法之风,这二五仔有毒啊
3062490,"2016-08-23 10:00:40",1681435395yy,1499312947,ls,魔法之风,魔法之风你又在声控游戏了
3065911,"2016-08-23 15:30:30",whazh13141314,10895178,tv,〃Style﹏?　贱,这TM就尴尬了
3066185,"2016-08-23 15:44:18",1313214123yy,1209333813,df,666-仇东升,666-仇东升对战月与海（惨败）
3067039,"2016-08-23 17:25:24",1639423385yy,1466346678,lol,Miss大小姐的直播间,Miss直播做数学题（智商压制...）
3066960,"2016-08-23 17:17:13",1639423385yy,1466346678,lol,Miss大小姐的直播间,真·抓狂Miss
3067322,"2016-08-23 17:55:24",game17226,967499203,tv,小宇热游直播,这个速度有点鬼畜
3067119,"2016-08-23 17:31:12",yy_edg03,1324392792,lol,EDG丶PawN,PawN这波万万没想到...
3066073,"2016-08-23 15:39:20",aa763304151,80567762,df,AzZ丶苏澈,AzZ丶苏澈无特技虫王2亿伤害。
3062846,"2016-08-23 10:29:35",wocaonidadann,895332955,kan,AzZ丶骚俊,"AzZ丶骚俊 | 骚式魅惑翘臀舞"
3062770,"2016-08-23 10:23:54",wocaonidadann,895332955,kan,AzZ丶骚俊,"AzZ丶骚俊 |  骚式俯卧撑示范篇"
3066039,"2016-08-23 15:37:58",qq784444622,886574870,df,AzZ丶雷锋,AzZ丶雷锋月与海激情PK法驱
3066224,"2016-08-23 15:47:19",a1151947228,172162826,df,AzZ丶小古子,AzZ丶小古子杀马特发型直播唱歌
3067178,"2016-08-23 17:37:48",paoxiaofu222,983855856,lol,新浪微博：lol陆雪琪,就你还想Gank我？
3067408,"2016-08-23 18:02:39",sssaaa211,59000470,lol,蛇哥CoLiN~职业联赛解说,蛇哥与双胞胎姐妹开车
3066455,"2016-08-23 16:55:36",qq451271441,59966723,tv,〃Style﹏?　盖　子〖正式?主播〗,重点在于前方发生的爆炸
3066558,"2016-08-23 17:01:47",qq451271441,59966723,tv,〃Style﹏?　盖　子〖正式?主播〗,说好的过图怎么变成了火拼
3067621,"2016-08-23 18:24:34",chuhee1,294636272,tv,〃Style﹏?　楚　河〖９０３２７〗,麻麻这个图好可怕！
3062745,"2016-08-23 10:21:14",junchenggs16,1481941356,kan,2938-胡老師,"2938-胡老師 |  迷踪舞步我只服胡老师"
3077786,"2016-08-24 18:05:54",dhhsgdhra,98875165,tv,90088-花教授〖爱拍红人〗,赛车演变成一个狙击游戏
3077598,"2016-08-24 17:53:02",dhhsgdhra,98875165,tv,90088-花教授〖爱拍红人〗,好好的比赛竟演变成了火拼
3077306,"2016-08-24 17:20:38",paoxiaofu222,983855856,lol,新浪微博：lol陆雪琪,陆雪琪对男友的要求（能干）
3077253,"2016-08-24 17:10:27",sssaaa211,59000470,lol,蛇哥CoLiN~职业联赛解说,蛇哥查房调戏模仿
3077314,"2016-08-24 17:21:45",sunmengbo1,100523075,lol,小战,小战惊现逃生记
3067201,"2016-08-23 17:44:59",dongxiaosazhibo1,500066171,lol,TCS丶董导,来了一发还有一发...
3067298,"2016-08-23 17:52:39",dongxiaosazhibo1,500066171,lol,TCS丶董导,弱鸡这波可以吹一年
3067314,"2016-08-23 17:54:08",dongxiaosazhibo1,500066171,lol,TCS丶董导,天了噜！机器人抢大龙
3067284,"2016-08-23 17:51:38",dongxiaosazhibo1,500066171,lol,TCS丶董导,心情瞬间跌到谷底（23333）
3067644,"2016-08-23 18:30:55",qq498393044,1244004293,lol,90077-tata,妹子好xiong！好xiong！
3066118,"2016-08-23 15:41:38",css2216,846022817,df,AzZ、万戦：激情解说员,AzZ、万戦：激情解说员【小魔道轻松取胜大红神】
3077280,"2016-08-24 17:16:22",a546178708,476629970,lol,亚索最暴力教学90010奥贝罗亚索导师,奥贝罗亚索中路1V2
3077285,"2016-08-24 17:17:22",a546178708,476629970,lol,亚索最暴力教学90010奥贝罗亚索导师,奥贝罗演示亚索300血斩杀线
3077585,"2016-08-24 17:51:36",yy65009649,62735071,kan,晶晶沙画：现场制作哦！,"晶晶沙画 | 送给夏雪妹子"
3077615,"2016-08-24 17:54:57",yy65009649,62735071,kan,晶晶沙画：现场制作哦！,"晶晶沙画 | 求婚现场"
3077366,"2016-08-24 17:28:32",y809118512,448323721,lol,95%胜率武器大师二师兄.YY90666,日了狗了！队友网吧4连坐集体掉线
3077499,"2016-08-24 17:43:28",yy65009649,62735071,kan,晶晶沙画：现场制作哦！,"晶晶沙画 | 鸭舌帽美女"
3077572,"2016-08-24 17:49:26",yy65009649,62735071,kan,晶晶沙画：现场制作哦！,"晶晶沙画 |　捏小脸蛋的情侣"
3077270,"2016-08-24 17:14:32",qq745082326,486806573,kan,M·H,主播今天出来吃药了吗？
3077231,"2016-08-24 17:06:20",zjz1987528,63707351,lol,国服第一锐雯-风神,风神锐雯抢大龙
3077307,"2016-08-24 17:20:18",qq745082326,486806573,kan,M·H,"橘夏 | 咋了爸爸搞怪舞"
3077651,"2016-08-24 17:56:12",yy65009649,62735071,kan,晶晶沙画：现场制作哦！,"晶晶沙画 | 婚纱照片复原"
3076760,"2016-08-24 16:28:38",ggq2xgmuesd,1015041894,tv,〃Style﹏?　宝　哥〖大叔?主播〗,这几只恐龙很骚啊
3076571,"2016-08-24 16:18:50",wytao555,90063873,tv,〃Style﹏?　孤　寂〖大神?主播〗,看了这段整个手都不好了
3066241,"2016-08-23 15:48:50",wuchen921119,551070471,df,６ｏ９亡誓,６ｏ９亡誓直播100盒子
3067145,"2016-08-23 17:33:39",paoxiaofu222,983855856,lol,新浪微博：lol陆雪琪,高兴的太早了...
3076520,"2016-08-24 16:10:03",biudaoyan900,1006448027,tv,〃Style﹏?　导　演〖９０３２７〗,卧槽gta5闹鬼了
3077691,"2016-08-24 17:58:39",yy65009649,62735071,kan,晶晶沙画：现场制作哦！,"晶晶沙画 | 古典美女"
3065990,"2016-08-23 15:34:33",qq347147159,311913984,df,AzZ丶狂人(90581)荧光棒,AzZ丶狂人(90581)大门才关一半
3066886,"2016-08-23 17:07:51",biudaoyan900,1006448027,tv,〃Style﹏?　导　演〖９０３２７〗,边跳降落伞边流大姨妈也是没sei了
3066938,"2016-08-23 17:14:09",biudaoyan900,1006448027,tv,〃Style﹏?　导　演〖９０３２７〗,这段车开的真是惊心动魄
3072986,"2016-08-24 10:55:44",cuizejian4234,1048450049,mc,90807丶虎牙马桶c,马桶的成长史（自拍照）
3077141,"2016-08-24 16:55:02",gey975080711,353092095,lol,虎牙第一盲僧,死于不明飞行物
3077072,"2016-08-24 16:52:21",wocaonidadann,895332955,kan,AzZ丶骚俊,骚俊有开始X地板了...
3077233,"2016-08-24 17:06:46",wocaonidadann,895332955,kan,AzZ丶骚俊,变声软件是主播届最伟大的发明，没有之一！
3077261,"2016-08-24 17:13:06",aa763304151,80567762,df,AzZ丶苏澈,"AzZ丶苏澈CD流修罗号 速刷震撼"
3075883,"2016-08-24 15:40:50",whazh13141314,10895178,tv,〃Style﹏?　贱,天了噜超车太可怕啦
3076339,"2016-08-24 15:56:09",whazh13141314,10895178,tv,〃Style﹏?　贱,听到开始的爆炸声主播怂了2333
3075687,"2016-08-24 15:33:23",game17226,967499203,tv,小宇热游直播,这么一路怼下去车报废了
3077169,"2016-08-24 16:56:38",a260931007,171423073,lol,JQK.旋律,连鼠标都开始针对我
3077176,"2016-08-24 16:57:23",a260931007,171423073,lol,JQK.旋律,一个BUFF=一个闪现？
3077206,"2016-08-24 17:01:45",1315598524yy,1211612188,lol,第一无伤打野老鼠90010小鑫,第一无伤打野老鼠90010小鑫
3072643,"2016-08-24 10:27:10",1391089114yy,1271256459,ls,安德罗妮丶,这个恩佐斯能复活几个呢？
3072597,"2016-08-24 10:22:13",1391089114yy,1271256459,ls,安德罗妮丶,"复活吧 吼爹们！！"
3072624,"2016-08-24 10:26:10",1391089114yy,1271256459,ls,安德罗妮丶,会长你又声控游戏
3076273,"2016-08-24 15:53:12",sbww940812,817929720,kan,MyTh90005-阿娇,"MyTh90005-阿娇 | MC《刀山火海》"
3076648,"2016-08-24 16:24:22",sbww940812,817929720,kan,MyTh90005-阿娇,"MyTh90005-阿娇 | 教你上上下下左左右右"
3076768,"2016-08-24 16:29:21",chuhengfeier,1503332370,lol,最彪德莱文90818-BB文,BB文德莱文泉水五杀
3077284,"2016-08-24 17:17:18",qq784444622,886574870,df,AzZ丶雷锋,AzZ丶雷锋剑魂号满血虐杀女大枪妹子
3076749,"2016-08-24 16:28:25",a13155773693,961825702,lol,江西迟到王：董月月,"董月月唱《囚鸟》 声音萌萌哒"
3076692,"2016-08-24 16:26:55",a13155773693,961825702,lol,江西迟到王：董月月,"董月月直播被喷哭 愤怒の五杀"
3076825,"2016-08-24 16:31:04",chouchang7758,61316727,lol,青春-天下第一AP牛盲僧,青铜1500法强小法师五杀
3077442,"2016-08-24 17:35:45",c65176554,7983525,lol,4878小D,队友全灭，狗头神传送偷家
3076519,"2016-08-24 16:10:52",,900821317,lol,"90077騒男 100%胜率男刀",色情主播-骚男
3076531,"2016-08-24 16:12:59",,900821317,lol,"90077騒男 100%胜率男刀","骚男你这么欺负狗狗 你家七七知道么？"
3076976,"2016-08-24 16:47:30",sbww940812,817929720,kan,MyTh90005-阿娇,阿娇教美女主播怼凳子
3077262,"2016-08-24 17:13:55",qq451271441,59966723,tv,〃Style﹏?　盖　子〖正式?主播〗,污的一比！直播龙如何啪啪啪
3072533,"2016-08-24 10:18:17",1681435395yy,1499312947,ls,魔法之风,"管你什么猎人 反正偷到三宝"
3075922,"2016-08-24 15:41:59",suihua20800,197650003,kan,小姨妈丶,"小姨妈丶| 《历历万乡》"
3075809,"2016-08-24 15:38:42",suihua20800,197650003,kan,小姨妈丶,"小姨妈丶| 《我说今晚月光那么美,你说是的》"
3076883,"2016-08-24 16:39:18",qq1025237297,380073577,lol,90001-涛哥,涛哥剑圣单挑大龙
3074915,"2016-08-24 14:42:29",suihua20800,197650003,kan,小姨妈丶,"小姨妈丶| 《我的歌声里》"
3077248,"2016-08-24 17:08:35",qq347147159,311913984,df,AzZ丶狂人(90581)荧光棒,AzZ丶狂人(90581)与荒古红眼粉丝双飞暴走黑雾
3072922,"2016-08-24 10:44:09",zll25994245,3256244,mc,90508-粉鱼鱼,迷一样的画风
3072847,"2016-08-24 10:39:14",zll25994245,3256244,mc,90508-粉鱼鱼,奶奶和浅浅基佬大乱斗1：1平
3072951,"2016-08-24 10:51:15",cuizejian4234,1048450049,mc,90807丶虎牙马桶c,桶爷证明装逼会被雷劈
3072937,"2016-08-24 10:48:09",cuizejian4234,1048450049,mc,90807丶虎牙马桶c,马桶挑战12格跳远！
3077210,"2016-08-24 17:02:52",1313214123yy,1209333813,df,666-仇东升,666-仇东升几乎满血取胜男大枪
3072450,"2016-08-24 10:10:58",nuratoking77,104030498,ls,萌太奇(麦香鱼汉堡套餐),怎么可能不解AV娜
3072459,"2016-08-24 10:11:46",nuratoking77,104030498,ls,萌太奇(麦香鱼汉堡套餐),对面也会右手第一张。。
3072524,"2016-08-24 10:17:28",nuratoking77,104030498,ls,萌太奇(麦香鱼汉堡套餐),破费特~
3077223,"2016-08-24 17:04:21",wuchen921119,551070471,df,６ｏ９亡誓,６ｏ９亡誓帮粉丝和天空！
3077175,"2016-08-24 16:57:20",weiwei672349979,618378372,df,AzZ丶小炜,AzZ丶小炜神豪剑魂号竞速暴走擎天
3077102,"2016-08-24 16:54:52",qq1073536743,177375827,df,AzZ丶傲-范百亿（5801）,AzZ丶傲-范百亿（5801）解说挑战书周期长！
3074759,"2016-08-24 14:31:41",brv62857,558802298,kan,R&D,"R&D | 当六爷换上了裤子"
3074712,"2016-08-24 14:26:45",brv62857,558802298,kan,R&D,"R&D | 六爷说这个舞有点奇怪"
3072542,"2016-08-24 10:19:46",1681435395yy,1499312947,ls,魔法之风,对面你在贪什么呢
3072568,"2016-08-24 10:21:07",1681435395yy,1499312947,ls,魔法之风,随便拉就是一等奖~
3076486,"2016-08-24 16:05:04",1639423385yy,1466346678,lol,Miss大小姐的直播间,"Miss大小姐被抢大龙 很伤心"
3076402,"2016-08-24 15:59:30",nioukewudi,477393888,lol,90010-西门孔子,西门孔子剑姬五杀
3077207,"2016-08-24 17:01:17",phtpht1101,521518758,df,AzZ丶霸道,AzZ丶霸道帮粉丝和天空
3077273,"2016-08-24 17:15:54",a1151947228,172162826,df,AzZ丶小古子,AzZ丶小古子与神坑连麦扯家常
3087380,"2016-08-25 18:18:44",game17226,967499203,tv,小宇热游直播,前功尽弃，好可惜
3085827,"2016-08-25 15:35:43",css2216,846022817,df,AzZ、万戦：激情解说员,AzZ、万戦：激情解说员（剑魂对战红眼）
3086933,"2016-08-25 16:56:04",yui090120,562409422,kan,592-Zero,龟兔赛跑是成语吗？哈哈哈哈
3076375,"2016-08-24 15:58:54",qq645955789,15862445,lol,10分钟不超神剁手-90009阿雨,阿雨五杀寡妇
3077258,"2016-08-24 17:11:18",css2216,846022817,df,AzZ、万戦：激情解说员,AzZ、万戦：搞笑解说红眼内战
3087399,"2016-08-25 18:26:05",dhhsgdhra,98875165,tv,90088-花教授〖爱拍红人〗,一边吹比一边实力过图
3087005,"2016-08-25 17:02:26",yui090120,562409422,kan,592-Zero,"Zero | 我喜欢的也是数字23"
3087021,"2016-08-25 17:13:53",yui090120,562409422,kan,592-Zero,"Zero | 我今天的妆好看吗？"
3077257,"2016-08-24 17:11:48",sssaaa211,59000470,lol,蛇哥CoLiN~职业联赛解说,蛇哥CoLiN开始说骚话了
3077263,"2016-08-24 17:13:14",sssaaa211,59000470,lol,蛇哥CoLiN~职业联赛解说,蛇哥CoLiN查房看跳舞
3086627,"2016-08-25 16:38:51",lruva6275975,1075252661,kan,R&D-苏悦,这动静有点大啊！
3086741,"2016-08-25 16:46:30",lruva6275975,1075252661,kan,R&D-苏悦,所以这是怼床还是怼地板？
3086692,"2016-08-25 16:44:43",lruva6275975,1075252661,kan,R&D-苏悦,"不服来战 | 艾米摇曳舞姿"
3086331,"2016-08-25 16:16:33",lylvoe2818,922143035,lol,90010最吸引喷子的盲僧,阿裕喊麦
3087359,"2016-08-25 18:15:23",wytao555,90063873,tv,〃Style﹏?　孤　寂〖大神?主播〗,队友：我先下线了你们杀
3086280,"2016-08-25 16:14:38",wangzhaoya,17363578,lol,电一王者ADC,金克丝五杀
3086391,"2016-08-25 16:19:01",dongmei19971218,1016456267,lol,小满,围观小满吃饭的样子
3087339,"2016-08-25 18:09:25",biudaoyan900,1006448027,tv,〃Style﹏?　导　演〖９０３２７〗,66666666666
3082424,"2016-08-25 10:23:40",1391089114yy,1271256459,ls,安德罗妮丶,会长你的开光嘴
3087337,"2016-08-25 18:06:33",whazh13141314,10895178,tv,〃Style﹏?　贱,这tm就尴尬了
3085861,"2016-08-25 15:39:16",a1151947228,172162826,df,AzZ丶小古子,AzZ丶小古子（神装红眼被吞噬魔血虐）
3085728,"2016-08-25 15:27:54",nuonuo90001,1553509808,lol,90001-諾Nuo,不要随便走进流浪的大招里
3082491,"2016-08-25 10:28:27",1391089114yy,1271256459,ls,安德罗妮丶,分身拉出了本体……
3082591,"2016-08-25 10:35:00",1391089114yy,1271256459,ls,安德罗妮丶,安德罗妮大秀英文~
3085644,"2016-08-25 15:23:20",wen284211345,1026868784,lol,新浪微博：虎牙TV叫我官人丶,叫我官人丶唱歌给你听
3085185,"2016-08-25 14:50:42",zouzxhabcqwe,18600986,lol,最强AKL没有之一,阿卡利单挑大龙
3085777,"2016-08-25 15:30:24",weiwei672349979,618378372,df,AzZ丶小炜,AzZ丶小炜鬼泣强杀20人火山
3085885,"2016-08-25 15:42:46",phtpht1101,521518758,df,AzZ丶霸道,AzZ丶霸道修罗号斩杀暴走你瞅啥
3082324,"2016-08-25 10:06:52",nuratoking77,104030498,ls,萌太奇(麦香鱼汉堡套餐),带人过球。。。
3082337,"2016-08-25 10:08:39",nuratoking77,104030498,ls,萌太奇(麦香鱼汉堡套餐),说什么来什么……
3082349,"2016-08-25 10:10:54",nuratoking77,104030498,ls,萌太奇(麦香鱼汉堡套餐),据说骗了一张乱斗？
3082387,"2016-08-25 10:18:20",1681435395yy,1499312947,ls,魔法之风,崩盘领主果然名不虚传
3082388,"2016-08-25 10:19:01",1681435395yy,1499312947,ls,魔法之风,"你好 这是你点的丁丁~虽然逃不过的命运"
3082414,"2016-08-25 10:22:29",1681435395yy,1499312947,ls,魔法之风,"报警了 德鲁伊都脏了"
3086230,"2016-08-25 16:08:11",zjz1987528,63707351,lol,国服第一锐雯-风神,风神锐雯SOLO蛮王
3085900,"2016-08-25 15:47:23",c65176554,7983525,lol,4878小D,小D狗头五杀
3087333,"2016-08-25 18:02:03",chuhee1,294636272,tv,〃Style﹏?　楚　河〖９０３２７〗,实力拆炮楼
3086442,"2016-08-25 16:22:04",fengyang11,184686942,lol,90010小祸水,小祸水闪现补大车
3086504,"2016-08-25 16:25:22",xuanxuan199243,367138632,lol,卡尔,好气！还打不过这大龙
3085790,"2016-08-25 15:32:43",as18774833540,952507306,lol,90010-大包子-表情包,大包子锐雯光速QA单挑大龙
3085807,"2016-08-25 15:33:46",qq347147159,311913984,df,AzZ丶狂人(90581)荧光棒,AzZ丶狂人(90581)帮粉丝和天空，说出就出。
3095132,"2016-08-26 15:22:15",biudaoyan900,1006448027,tv,〃Style﹏?　导　演〖９０３２７〗,分分钟被打脸
3094811,"2016-08-26 15:00:26",game17226,967499203,tv,小宇热游直播,骑在女下属身上，一点都不怜香惜玉
3094707,"2016-08-26 14:48:58",wuchen921119,551070471,df,６ｏ９亡誓,６ｏ９亡誓帮粉丝和天空一发命中下装。
3094754,"2016-08-26 14:53:09",qq1073536743,177375827,df,AzZ丶傲-范百亿（5801）,AzZ丶傲-范百亿（5801）解说魔剑价格要多关注
3094653,"2016-08-26 14:45:47",1313214123yy,1209333813,df,666-仇东升,666-仇东升魔道满血取胜大红神，一路吊打
3094623,"2016-08-26 14:43:40",qq784444622,886574870,df,AzZ丶雷锋,AzZ丶雷锋鬼泣号对战大红神（墓碑取胜）
3096463,"2016-08-26 16:52:26",qvym887256,1075804701,kan,R&D-舞林萌主。艾米,今天是短发女神
3094957,"2016-08-26 15:09:24",chuhee1,294636272,tv,〃Style﹏?　楚　河〖９０３２７〗,《最终幻想15》试玩版
3094483,"2016-08-26 14:23:53",sinistersk,648442697,lol,国服第一剑姬-可乐,这时机选择很完美
3095430,"2016-08-26 15:38:54",biudaoyan900,1006448027,tv,〃Style﹏?　导　演〖９０３２７〗,秒懂，主播的套路
3103100,"2016-08-27 13:24:05",1391089114yy,1271256459,ls,安德罗妮丶,"不好意思 吸不回来了"
3103150,"2016-08-27 13:29:14",1391089114yy,1271256459,ls,安德罗妮丶,无限宝典大战狗哥
3105729,"2016-08-27 17:11:51",xxt7758521147,965293866,df,９ｏ６６８,９ｏ６６８冰魄解说剑魂BUFF左槽的商机。
3103178,"2016-08-27 13:32:15",1391089114yy,1271256459,ls,安德罗妮丶,全正面法术。。。的导演
3105742,"2016-08-27 17:13:33",phtpht1101,521518758,df,AzZ丶霸道,AzZ丶霸道和天空，一发出透明上衣！
3105704,"2016-08-27 17:07:33",qq784444622,886574870,df,AzZ丶雷锋,AzZ丶雷锋红眼号对战性感女枪
3105719,"2016-08-27 17:09:58",wuchen921119,551070471,df,６ｏ９亡誓,６ｏ９亡誓黑骑号瞬秒暴走你瞅啥
3102984,"2016-08-27 13:16:16",nuratoking77,104030498,ls,萌太奇(麦香鱼汉堡套餐),"真 打脸。。。"
3103046,"2016-08-27 13:20:02",1681435395yy,1499312947,ls,魔法之风,"辣鸡游戏 全靠导演"
3103047,"2016-08-27 13:20:54",1681435395yy,1499312947,ls,魔法之风,声控抽牌
3103068,"2016-08-27 13:22:20",1681435395yy,1499312947,ls,魔法之风,心疼这个骑士
3105697,"2016-08-27 17:06:39",1313214123yy,1209333813,df,666-仇东升,666-仇东升剑魂号PK魔皇
3102975,"2016-08-27 13:15:49",nuratoking77,104030498,ls,萌太奇(麦香鱼汉堡套餐),竟然笑骑斩？
3103024,"2016-08-27 13:18:31",nuratoking77,104030498,ls,萌太奇(麦香鱼汉堡套餐),神奇的挡刀和误导配合
3113814,"2016-08-28 15:47:48",qq1073536743,177375827,df,AzZ丶傲-范百亿（5801）,AzZ丶傲-范百亿（5801）现场展示黑别人
3121512,"2016-08-29 13:40:34",xuanxuan199243,367138632,lol,卡尔,卡尔1V5泉水五杀EZ
3121540,"2016-08-29 13:42:18",xiaoyuncenqinglin,1423288478,lol,国服第一狮子狗-小跟班-90035,小跟班五杀AP狮子狗

